1,1.1723
2,1.96076
3,2.84491
4,3.73376
5,4.62335
6,5.51328
7,6.4034
8,7.29364
9,8.18395
10,9.07433
11,9.96474
12,10.85519
13,11.74566
14,12.63615
15,13.52666
16,14.41718
17,15.30771
18,16.19826
19,17.08881
20,17.97937
21,18.86993
22,19.7605
23,20.65108
24,21.54166
25,22.43225
26,23.32284
27,24.21344
28,25.10404
29,25.99465
30,26.88526
31,27.77587
32,28.66648
33,29.5571
34,30.44772
35,31.33835
36,32.22898
37,33.11961
38,34.01024
39,34.90088
40,35.79152
41,36.68216
42,37.57281
43,38.46346
44,39.35411
45,40.24476
46,41.13542
47,42.02607
48,42.91673
49,43.8074
50,44.69806
51,45.58873
52,46.4794
53,47.37008
54,48.26075
55,49.15143
56,50.04211
57,50.9328
58,51.82349
59,52.71418
60,53.60487
61,54.49556
62,55.38626
63,56.27697
64,57.16767
65,58.05839
66,58.9491
67,59.83982
68,60.73055
69,61.62128
70,62.51202
71,63.40277
72,64.29352
73,65.18429
74,66.07506
75,66.96585
76,67.85665
77,68.74746
78,69.63829
79,70.52914
80,71.42001
81,72.3109
82,73.20181
83,74.09275
84,74.98372
85,75.87472
86,76.76576
87,77.65683
88,78.54795
89,79.43911
90,80.33032
91,81.22159
92,82.11292
93,83.00431
94,83.89577
95,84.7873
96,85.67891
97,86.57061
98,87.4624
99,88.35429
100,89.24629
101,90.1384
102,91.03063
103,91.92298
104,92.81548
105,93.70811
106,94.6009
107,95.49386
108,96.38698
109,97.28028
110,98.17378
111,99.06748
112,99.96139
113,100.85552
114,101.74988
115,102.64449
116,103.53936
117,104.4345
118,105.32991
119,106.22562
120,107.12164
121,108.01798
122,108.91465
123,109.81167
124,110.70905
125,111.60681
126,112.50495
127,113.4035
128,114.30247
129,115.20188
130,116.10173
131,117.00205
132,117.90285
133,118.80415
134,119.70597
135,120.60831
136,121.51121
137,122.41466
138,123.3187
139,124.22334
140,125.1286
141,126.03449
142,126.94103
143,127.84824
144,128.75613
145,129.66474
146,130.57406
147,131.48413
148,132.39497
149,133.30658
150,134.21899
151,135.13222
152,136.04628
153,136.9612
154,137.877
155,138.79369
156,139.71129
157,140.62983
158,141.54932
159,142.46978
160,143.39124
161,144.3137
162,145.2372
163,146.16175
164,147.08737
165,148.01408
166,148.9419
167,149.87085
168,150.80096
169,151.73223
170,152.66469
171,153.59837
172,154.53327
173,155.46942
174,156.40685
175,157.34556
176,158.28559
177,159.22695
178,160.16965
179,161.11373
180,162.05919
181,163.00607
182,163.95438
183,164.90413
184,165.85536
185,166.80808
186,167.7623
187,168.71805
188,169.67535
189,170.63422
190,171.59468
191,172.55675
192,173.52044
193,174.48578
194,175.45278
195,176.42147
196,177.39187
197,178.36399
198,179.33785
199,180.31347
200,181.29088
201,182.27008
202,183.25111
203,184.23397
204,185.21869
205,186.20529
206,187.19378
207,188.18419
208,189.17653
209,190.17082
210,191.16707
211,192.16532
212,193.16557
213,194.16785
214,195.17217
215,196.17855
216,197.18701
217,198.19757
218,199.21025
219,200.22505
220,201.24201
221,202.26114
222,203.28245
223,204.30597
224,205.33171
225,206.35969
226,207.38993
227,208.42245
228,209.45725
229,210.49436
230,211.53381
231,212.57559
232,213.61973
233,214.66626
234,215.71518
235,216.76651
236,217.82026
237,218.87647
238,219.93513
239,220.99628
240,222.05992
241,223.12607
242,224.19475
243,225.26598
244,226.33977
245,227.41613
246,228.49509
247,229.57666
248,230.66085
249,231.74769
250,232.83719
251,233.92936
252,235.02422
253,236.12178
254,237.22207
255,238.3251
256,239.43088
257,240.53942
258,241.65076
259,242.76489
260,243.88184
261,245.00161
262,246.12424
263,247.24973
264,248.37809
265,249.50935
266,250.64351
267,251.7806
268,252.92062
269,254.06359
270,255.20954
271,256.35846
272,257.51039
273,258.66532
274,259.82328
275,260.98429
276,262.14835
277,263.31548
278,264.4857
279,265.65902
280,266.83546
281,268.01502
282,269.19773
283,270.3836
284,271.57264
285,272.76486
286,273.96029
287,275.15894
288,276.36082
289,277.56594
290,278.77432
291,279.98597
292,281.20091
293,282.41915
294,283.64071
295,284.86559
296,286.09382
297,287.32541
298,288.56037
299,289.79871
300,291.04046
301,292.28561
302,293.5342
303,294.78622
304,296.0417
305,297.30064
306,298.56307
307,299.829
308,301.09843
309,302.37138
310,303.64788
311,304.92792
312,306.21153
313,307.49871
314,308.78949
315,310.08387
316,311.38187
317,312.68349
318,313.98877
319,315.2977
320,316.61031
321,317.9266
322,319.24658
323,320.57029
324,321.89771
325,323.22888
326,324.56379
327,325.90247
328,327.24493
329,328.59118
330,329.94124
331,331.29512
332,332.65282
333,334.01437
334,335.37978
335,336.74906
336,338.12223
337,339.49929
338,340.88026
339,342.26516
340,343.65399
341,345.04678
342,346.44352
343,347.84425
344,349.24896
345,350.65767
346,352.0704
347,353.48716
348,354.90796
349,356.33281
350,357.76174
351,359.19474
352,360.63184
353,362.07304
354,363.51836
355,364.96782
356,366.42142
357,367.87918
358,369.34111
359,370.80723
360,372.27754
361,373.75206
362,375.23081
363,376.7138
364,378.20103
365,379.69252
366,381.1883
367,382.68836
368,384.19272
369,385.70139
370,387.2144
371,388.73174
372,390.25344
373,391.7795
374,393.30994
375,394.84477
376,396.38401
377,397.92767
378,399.47576
379,401.02829
380,402.58528
381,404.14673
382,405.71267
383,407.28311
384,408.85805
385,410.43752
386,412.02152
387,413.61006
388,415.20317
389,416.80085
390,418.40312
391,420.00999
392,421.62147
393,423.23757
394,424.85831
395,426.48371
396,428.11377
397,429.7485
398,431.38793
399,433.03206
400,434.6809
401,436.33448
402,437.99279
403,439.65587
404,441.32371
405,442.99633
406,444.67374
407,446.35597
408,448.04301
409,449.73489
410,451.43162
411,453.1332
412,454.83966
413,456.55101
414,458.26725
415,459.98841
416,461.71449
417,463.44551
418,465.18148
419,466.92242
420,468.66833
421,470.41924
422,472.17515
423,473.93608
424,475.70204
425,477.47304
426,479.2491
427,481.03023
428,482.81645
429,484.60776
430,486.40418
431,488.20573
432,490.01241
433,491.82425
434,493.64124
435,495.46341
436,497.29078
437,499.12334
438,500.96113
439,502.80414
440,504.6524
441,506.50591
442,508.36469
443,510.22876
444,512.09813
445,513.9728
446,515.8528
447,517.73814
448,519.62883
449,521.52488
450,523.42631
451,525.33313
452,527.24536
453,529.16301
454,531.08608
455,533.01461
456,534.94859
457,536.88805
458,538.83299
459,540.78343
460,542.73938
461,544.70087
462,546.66789
463,548.64047
464,550.61862
465,552.60235
466,554.59167
467,556.58661
468,558.58717
469,560.59336
470,562.60521
471,564.62272
472,566.64591
473,568.67479
474,570.70938
475,572.74969
476,574.79573
477,576.84752
478,578.90507
479,580.9684
480,583.03751
481,585.11244
482,587.19317
483,589.27975
484,591.37216
485,593.47043
486,595.57458
487,597.68462
488,599.80056
489,601.92241
490,604.0502
491,606.18393
492,608.32361
493,610.46927
494,612.62092
495,614.77856
496,616.94223
497,619.11192
498,621.28765
499,623.46944
500,625.65731
501,627.85126
502,630.05131
503,632.25748
504,634.46977
505,636.68821
506,638.91281
507,641.14358
508,643.38054
509,645.6237
510,647.87307
511,650.12868
512,652.39053
513,654.65863
514,656.93302
515,659.21369
516,661.50066
517,663.79396
518,666.09358
519,668.39955
520,670.71189
521,673.0306
522,675.3557
523,677.6872
524,680.02513
525,682.36949
526,684.72031
527,687.07758
528,689.44134
529,691.81159
530,694.18835
531,696.57163
532,698.96146
533,701.35783
534,703.76078
535,706.17031
536,708.58644
537,711.00918
538,713.43855
539,715.87456
540,718.31724
541,720.76659
542,723.22262
543,725.68536
544,728.15482
545,730.63102
546,733.11396
547,735.60367
548,738.10016
549,740.60344
550,743.11353
551,745.63045
552,748.15422
553,750.68483
554,753.22232
555,755.7667
556,758.31798
557,760.87617
558,763.4413
559,766.01338
560,768.59242
561,771.17845
562,773.77146
563,776.37149
564,778.97854
565,781.59264
566,784.21379
567,786.84202
568,789.47734
569,792.11976
570,794.7693
571,797.42597
572,800.0898
573,802.76079
574,805.43897
575,808.12434
576,810.81694
577,813.51676
578,816.22382
579,818.93815
580,821.65976
581,824.38866
582,827.12487
583,829.86841
584,832.61929
585,835.37753
586,838.14314
587,840.91614
588,843.69655
589,846.48438
590,849.27964
591,852.08236
592,854.89256
593,857.71024
594,860.53542
595,863.36812
596,866.20836
597,869.05615
598,871.9115
599,874.77445
600,877.64499
601,880.52315
602,883.40894
603,886.30238
604,889.20349
605,892.11229
606,895.02878
607,897.95299
608,900.88493
609,903.82462
610,906.77207
611,909.72731
612,912.69034
613,915.6612
614,918.63988
615,921.62641
616,924.62081
617,927.62309
618,930.63327
619,933.65137
620,936.67739
621,939.71137
622,942.75332
623,945.80324
624,948.86117
625,951.92712
626,955.00109
627,958.08312
628,961.17322
629,964.27141
630,967.37769
631,970.4921
632,973.61464
633,976.74533
634,979.8842
635,983.03125
636,986.18651
637,989.34999
638,992.52171
639,995.70169
640,998.88994
641,1002.08648
642,1005.29133
643,1008.50451
644,1011.72603
645,1014.95591
646,1018.19417
647,1021.44083
648,1024.6959
649,1027.9594
650,1031.23135
651,1034.51176
652,1037.80066
653,1041.09806
654,1044.40398
655,1047.71843
656,1051.04144
657,1054.37302
658,1057.71319
659,1061.06197
660,1064.41937
661,1067.78542
662,1071.16012
663,1074.54351
664,1077.93559
665,1081.33638
666,1084.74591
667,1088.16419
668,1091.59124
669,1095.02707
670,1098.47171
671,1101.92517
672,1105.38747
673,1108.85863
674,1112.33866
675,1115.82759
676,1119.32544
677,1122.83221
678,1126.34794
679,1129.87263
680,1133.40631
681,1136.94899
682,1140.5007
683,1144.06145
684,1147.63125
685,1151.21014
686,1154.79812
687,1158.39522
688,1162.00144
689,1165.61683
690,1169.24138
691,1172.87512
692,1176.51807
693,1180.17024
694,1183.83166
695,1187.50234
696,1191.18231
697,1194.87157
698,1198.57016
699,1202.27808
700,1205.99536
701,1209.72202
702,1213.45807
703,1217.20354
704,1220.95843
705,1224.72278
706,1228.4966
707,1232.27991
708,1236.07273
709,1239.87508
710,1243.68697
711,1247.50843
712,1251.33947
713,1255.18012
714,1259.03039
715,1262.8903
716,1266.75988
717,1270.63913
718,1274.52809
719,1278.42676
720,1282.33518
721,1286.25335
722,1290.1813
723,1294.11904
724,1298.06661
725,1302.024
726,1305.99126
727,1309.96838
728,1313.9554
729,1317.95234
730,1321.95921
731,1325.97603
732,1330.00282
733,1334.03961
734,1338.08641
735,1342.14324
736,1346.21012
737,1350.28707
738,1354.37412
739,1358.47127
740,1362.57856
741,1366.69599
742,1370.8236
743,1374.9614
744,1379.1094
745,1383.26764
746,1387.43613
747,1391.61489
748,1395.80393
749,1400.00329
750,1404.21298
751,1408.43302
752,1412.66344
753,1416.90424
754,1421.15545
755,1425.4171
756,1429.6892
757,1433.97177
758,1438.26483
759,1442.5684
760,1446.88251
761,1451.20718
762,1455.54241
763,1459.88824
764,1464.24469
765,1468.61177
766,1472.98951
767,1477.37793
768,1481.77704
769,1486.18687
770,1490.60744
771,1495.03877
772,1499.48088
773,1503.93379
774,1508.39753
775,1512.8721
776,1517.35754
777,1521.85386
778,1526.36109
779,1530.87925
780,1535.40835
781,1539.94841
782,1544.49947
783,1549.06154
784,1553.63464
785,1558.21879
786,1562.81401
787,1567.42033
788,1572.03777
789,1576.66634
790,1581.30606
791,1585.95697
792,1590.61908
793,1595.29241
794,1599.97698
795,1604.67282
796,1609.37994
797,1614.09837
798,1618.82813
799,1623.56924
800,1628.32172
801,1633.0856
802,1637.86088
803,1642.64761
804,1647.44579
805,1652.25546
806,1657.07662
807,1661.90931
808,1666.75354
809,1671.60933
810,1676.47672
811,1681.35572
812,1686.24634
813,1691.14862
814,1696.06258
815,1700.98824
816,1705.92561
817,1710.87472
818,1715.8356
819,1720.80827
820,1725.79274
821,1730.78904
822,1735.79719
823,1740.81722
824,1745.84914
825,1750.89299
826,1755.94877
827,1761.01651
828,1766.09624
829,1771.18798
830,1776.29175
831,1781.40757
832,1786.53546
833,1791.67545
834,1796.82756
835,1801.99182
836,1807.16823
837,1812.35684
838,1817.55765
839,1822.7707
840,1827.996
841,1833.23357
842,1838.48345
843,1843.74565
844,1849.0202
845,1854.30712
846,1859.60642
847,1864.91815
848,1870.2423
849,1875.57892
850,1880.92802
851,1886.28963
852,1891.66377
853,1897.05045
854,1902.44972
855,1907.86158
856,1913.28606
857,1918.72319
858,1924.17298
859,1929.63546
860,1935.11066
861,1940.59859
862,1946.09929
863,1951.61277
864,1957.13905
865,1962.67817
866,1968.23014
867,1973.79499
868,1979.37273
869,1984.96341
870,1990.56703
871,1996.18362
872,2001.8132
873,2007.4558
874,2013.11145
875,2018.78016
876,2024.46196
877,2030.15688
878,2035.86493
879,2041.58614
880,2047.32053
881,2053.06814
882,2058.82897
883,2064.60307
884,2070.39044
885,2076.19112
886,2082.00512
887,2087.83248
888,2093.67321
889,2099.52734
890,2105.3949
891,2111.2759
892,2117.17038
893,2123.07835
894,2128.99985
895,2134.93489
896,2140.8835
897,2146.8457
898,2152.82153
899,2158.81099
900,2164.81412
901,2170.83095
902,2176.86149
903,2182.90577
904,2188.96381
905,2195.03565
906,2201.12129
907,2207.22078
908,2213.33413
909,2219.46137
910,2225.60252
911,2231.75761
912,2237.92666
913,2244.1097
914,2250.30675
915,2256.51784
916,2262.74299
917,2268.98222
918,2275.23557
919,2281.50306
920,2287.7847
921,2294.08053
922,2300.39058
923,2306.71486
924,2313.0534
925,2319.40623
926,2325.77338
927,2332.15486
928,2338.5507
929,2344.96093
930,2351.38558
931,2357.82466
932,2364.27821
933,2370.74625
934,2377.2288
935,2383.7259
936,2390.23756
937,2396.76381
938,2403.30468
939,2409.86019
940,2416.43037
941,2423.01525
942,2429.61484
943,2436.22918
944,2442.85829
945,2449.5022
946,2456.16093
947,2462.83452
948,2469.52297
949,2476.22633
950,2482.94461
951,2489.67785
952,2496.42606
953,2503.18928
954,2509.96753
955,2516.76083
956,2523.56922
957,2530.39272
958,2537.23136
959,2544.08515
960,2550.95413
961,2557.83833
962,2564.73777
963,2571.65247
964,2578.58247
965,2585.52779
966,2592.48845
967,2599.46448
968,2606.45592
969,2613.46278
970,2620.48509
971,2627.52288
972,2634.57618
973,2641.64501
974,2648.72939
975,2655.82937
976,2662.94495
977,2670.07617
978,2677.22306
979,2684.38565
980,2691.56395
981,2698.758
982,2705.96782
983,2713.19344
984,2720.43489
985,2727.6922
986,2734.96538
987,2742.25448
988,2749.55951
989,2756.8805
990,2764.21749
991,2771.57049
992,2778.93953
993,2786.32465
994,2793.72587
995,2801.14321
996,2808.57671
997,2816.02639
998,2823.49228
999,2830.97441
2838.4728,
2845.98748,
2853.51848,
2861.06583,
2868.62956,
2876.20968,
2883.80624,
2891.41925,
2899.04875,
2906.69476,
2914.35731,
2922.03643,
2929.73215,
2937.4445,
2945.1735,
2952.91917,
2960.68156,
2968.46068,
2976.25657,
2984.06926,
2991.89876,
2999.74512,
3007.60835,
3015.48849,
3023.38556,
3031.29959,
3039.23062,
3047.17867,
3055.14376,
3063.12593,
3071.12521,
3079.14162,
3087.17519,
3095.22596,
3103.29394,
3111.37917,
3119.48168,
3127.60149,
3135.73864,
3143.89315,
3152.06505,
3160.25437,
3168.46115,
3176.6854,
3184.92716,
3193.18645,
3201.46331,
3209.75777,
3218.06985,
3226.39958,
3234.747,
3243.11212,
3251.49499,
3259.89563,
3268.31406,
3276.75033,
3285.20445,
3293.67646,
3302.16638,
3310.67425,
3319.2001,
3327.74395,
3336.30584,
3344.88579,
3353.48383,
3362.1,
3370.73432,
3379.38683,
3388.05754,
3396.7465,
3405.45373,
3414.17927,
3422.92313,
3431.68536,
3440.46598,
3449.26502,
3458.08251,
3466.91849,
3475.77298,
3484.64601,
3493.53761,
3502.44782,
3511.37665,
3520.32416,
3529.29035,
3538.27527,
3547.27894,
3556.3014,
3565.34267,
3574.40279,
3583.48178,
3592.57968,
3601.69652,
3610.83232,
3619.98712,
3629.16096,
3638.35385,
3647.56583,
3656.79693,
3666.04719,
3675.31662,
3684.60528,
3693.91317,
3703.24034,
3712.58682,
3721.95264,
3731.33782,
3740.74241,
3750.16642,
3759.6099,
3769.07287,
3778.55536,
3788.05741,
3797.57905,
3807.1203,
3816.68121,
3826.26179,
3835.86209,
3845.48213,
3855.12195,
3864.78157,
3874.46104,
3884.16037,
3893.8796,
3903.61877,
3913.3779,
3923.15703,
3932.95619,
3942.77541,
3952.61471,
3962.47415,
3972.35374,
3982.25352,
3992.17351,
4002.11376,
4012.0743,
4022.05515,
4032.05634,
4042.07792,
4052.11991,
4062.18235,
4072.26526,
4082.36868,
4092.49264,
4102.63718,
4112.80232,
4122.9881,
4133.19455,
4143.42171,
4153.6696,
4163.93826,
4174.22772,
4184.53802,
4194.86918,
4205.22124,
4215.59424,
4225.9882,
4236.40316,
4246.83914,
4257.29619,
4267.77434,
4278.27362,
4288.79406,
4299.33569,
4309.89855,
4320.48268,
4331.0881,
4341.71485,
4352.36295,
4363.03246,
4373.72338,
4384.43578,
4395.16966,
4405.92507,
4416.70205,
4427.50061,
4438.32081,
4449.16266,
4460.02622,
4470.9115,
4481.81854,
4492.74738,
4503.69805,
4514.67058,
4525.665,
4536.68136,
4547.71969,
4558.78001,
4569.86236,
4580.96678,
4592.09331,
4603.24196,
4614.41279,
4625.60581,
4636.82108,
4648.05861,
4659.31845,
4670.60063,
4681.90518,
4693.23214,
4704.58155,
4715.95342,
4727.34781,
4738.76475,
4750.20426,
4761.66639,
4773.15117,
4784.65864,
4796.18882,
4807.74175,
4819.31747,
4830.91601,
4842.53741,
4854.18171,
4865.84893,
4877.53911,
4889.25228,
4900.98849,
4912.74777,
4924.53014,
4936.33566,
4948.16434,
4960.01623,
4971.89137,
4983.78978,
4995.7115,
5007.65657,
5019.62503,
5031.6169,
5043.63223,
5055.67104,
5067.73338,
5079.81928,
5091.92878,
5104.06191,
5116.2187,
5128.3992,
5140.60343,
5152.83144,
5165.08326,
5177.35892,
5189.65847,
5201.98193,
5214.32935,
5226.70075,
5239.09618,
5251.51567,
5263.95926,
5276.42698,
5288.91887,
5301.43496,
5313.9753,
5326.53991,
5339.12884,
5351.74212,
5364.37979,
5377.04187,
5389.72842,
5402.43947,
5415.17504,
5427.93519,
5440.71994,
5453.52933,
5466.3634,
5479.22219,
5492.10573,
5505.01406,
5517.94721,
5530.90523,
5543.88815,
5556.896,
5569.92883,
5582.98666,
5596.06954,
5609.17751,
5622.3106,
5635.46885,
5648.65229,
5661.86097,
5675.09491,
5688.35416,
5701.63876,
5714.94874,
5728.28414,
5741.64499,
5755.03134,
5768.44322,
5781.88068,
5795.34373,
5808.83243,
5822.34682,
5835.88692,
5849.45278,
5863.04444,
5876.66193,
5890.30529,
5903.97455,
5917.66977,
5931.39097,
5945.13819,
5958.91147,
5972.71085,
5986.53637,
6000.38806,
6014.26597,
6028.17013,
6042.10057,
6056.05735,
6070.04049,
6084.05003,
6098.08602,
6112.14849,
6126.23747,
6140.35302,
6154.49516,
6168.66394,
6182.85939,
6197.08156,
6211.33047,
6225.60618,
6239.90871,
6254.23811,
6268.59442,
6282.97768,
6297.38792,
6311.82518,
6326.2895,
6340.78093,
6355.29949,
6369.84524,
6384.4182,
6399.01842,
6413.64594,
6428.30079,
6442.98302,
6457.69267,
6472.42977,
6487.19436,
6501.98649,
6516.80619,
6531.6535,
6546.52846,
6561.43112,
6576.3615,
6591.31966,
6606.30563,
6621.31945,
6636.36115,
6651.43079,
6666.5284,
6681.65402,
6696.80768,
6711.98944,
6727.19933,
6742.43738,
6757.70365,
6772.99816,
6788.32097,
6803.67211,
6819.05161,
6834.45953,
6849.8959,
6865.36076,
6880.85416,
6896.37612,
6911.9267,
6927.50594,
6943.11387,
6958.75053,
6974.41597,
6990.11022,
7005.83333,
7021.58534,
7037.36629,
7053.17622,
7069.01516,
7084.88317,
7100.78028,
7116.70654,
7132.66197,
7148.64664,
7164.66057,
7180.70381,
7196.77639,
7212.87837,
7229.00977,
7245.17065,
7261.36105,
7277.581,
7293.83054,
7310.10973,
7326.41859,
7342.75718,
7359.12553,
7375.52368,
7391.95168,
7408.40956,
7424.89738,
7441.41517,
7457.96297,
7474.54083,
7491.14878,
7507.78687,
7524.45515,
7541.15364,
7557.8824,
7574.64147,
7591.43089,
7608.2507,
7625.10094,
7641.98166,
7658.8929,
7675.83469,
7692.80709,
7709.81014,
7726.84387,
7743.90833,
7761.00357,
7778.12962,
7795.28653,
7812.47434,
7829.6931,
7846.94284,
7864.2236,
7881.53544,
7898.8784,
7916.25251,
7933.65782,
7951.09438,
7968.56222,
7986.06139,
8003.59194,
8021.1539,
8038.74731,
8056.37223,
8074.0287,
8091.71675,
8109.43644,
8127.1878,
8144.97088,
8162.78572,
8180.63236,
8198.51086,
8216.42125,
8234.36357,
8252.33787,
8270.3442,
8288.3826,
8306.4531,
8324.55576,
8342.69062,
8360.85772,
8379.05711,
8397.28883,
8415.55292,
8433.84943,
8452.17841,
8470.53989,
8488.93392,
8507.36055,
8525.81981,
8544.31176,
8562.83644,
8581.39389,
8599.98416,
8618.60728,
8637.26332,
8655.9523,
8674.67428,
8693.4293,
8712.2174,
8731.03863,
8749.89303,
8768.78065,
8787.70154,
8806.65573,
8825.64327,
8844.66422,
8863.7186,
8882.80648,
8901.92788,
8921.08287,
8940.27147,
8959.49375,
8978.74973,
8998.03948,
9017.36303,
9036.72043,
9056.11173,
9075.53696,
9094.99618,
9114.48943,
9134.01676,
9153.57821,
9173.17382,
9192.80365,
9212.46774,
9232.16614,
9251.89888,
9271.66602,
9291.46761,
9311.30368,
9331.17428,
9351.07947,
9371.01928,
9390.99377,
9411.00297,
9431.04694,
9451.12571,
9471.23935,
9491.38789,
9511.57137,
9531.78986,
9552.04338,
9572.332,
9592.65575,
9613.01468,
9633.40884,
9653.83827,
9674.30303,
9694.80315,
9715.33869,
9735.90969,
9756.5162,
9777.15826,
9797.83593,
9818.54925,
9839.29826,
9860.08301,
9880.90356,
9901.75994,
9922.65221,
9943.58041,
9964.54458,
9985.54479,
10006.5811,
10027.6535,
10048.762,
10069.9068,
10091.0879,
10112.3052,
10133.5589,
10154.849,
10176.1756,
10197.5387,
10218.9383,
10240.3745,
10261.8474,
10283.3569,
10304.9032,
10326.4863,
10348.1062,
10369.763,
10391.4568,
10413.1875,
10434.9552,
10456.7601,
10478.602,
10500.4811,
10522.3974,
10544.3511,
10566.342,
10588.3703,
10610.436,
10632.5391,
10654.6798,
10676.8581,
10699.0739,
10721.3274,
10743.6186,
10765.9476,
10788.3144,
10810.719,
10833.1615,
10855.642,
10878.1605,
10900.717,
10923.3116,
10945.9444,
10968.6154,
10991.3246,
11014.0721,
11036.8579,
11059.6822,
11082.5449,
11105.446,
11128.3857,
11151.364,
11174.381,
11197.4366,
11220.531,
11243.6642,
11266.8362,
11290.0471,
11313.2969,
11336.5857,
11359.9135,
11383.2805,
11406.6866,
11430.1318,
11453.6163,
11477.1401,
11500.7032,
11524.3058,
11547.9477,
11571.6292,
11595.3501,
11619.1107,
11642.9109,
11666.7508,
11690.6304,
11714.5499,
11738.5091,
11762.5083,
11786.5474,
11810.6265,
11834.7456,
11858.9048,
11883.1042,
11907.3438,
11931.6236,
11955.9437,
11980.3042,
12004.705,
12029.1464,
12053.6282,
12078.1505,
12102.7135,
12127.3171,
12151.9615,
12176.6465,
12201.3724,
12226.1392,
12250.9469,
12275.7955,
12300.6851,
12325.6159,
12350.5877,
12375.6007,
12400.6549,
12425.7504,
12450.8872,
12476.0654,
12501.285,
12526.5461,
12551.8488,
12577.193,
12602.5789,
12628.0064,
12653.4757,
12678.9868,
12704.5397,
12730.1345,
12755.7713,
12781.45,
12807.1708,
12832.9338,
12858.7389,
12884.5862,
12910.4757,
12936.4076,
12962.3818,
12988.3985,
13014.4576,
13040.5593,
13066.7035,
13092.8904,
13119.12,
13145.3923,
13171.7074,
13198.0653,
13224.4662,
13250.9099,
13277.3967,
13303.9266,
13330.4995,
13357.1156,
13383.775,
13410.4776,
13437.2235,
13464.0128,
13490.8455,
13517.7218,
13544.6415,
13571.6049,
13598.6118,
13625.6625,
13652.757,
13679.8952,
13707.0773,
13734.3033,
13761.5733,
13788.8873,
13816.2454,
13843.6476,
13871.094,
13898.5847,
13926.1196,
13953.6988,
13981.3225,
14008.9906,
14036.7033,
14064.4605,
14092.2623,
14120.1088,
14148,
14175.936,
14203.9168,
14231.9425,
14260.0132,
14288.1288,
14316.2896,
14344.4954,
14372.7464,
14401.0426,
14429.3841,
14457.7709,
14486.2031,
14514.6807,
14543.2039,
14571.7726,
14600.3868,
14629.0468,
14657.7525,
14686.5039,
14715.3012,
14744.1443,
14773.0334,
14801.9684,
14830.9496,
14859.9768,
14889.0502,
14918.1698,
14947.3356,
14976.5478,
15005.8064,
15035.1114,
15064.463,
15093.861,
15123.3057,
15152.797,
15182.3351,
15211.9199,
15241.5516,
15271.2301,
15300.9556,
15330.7281,
15360.5476,
15390.4143,
15420.3281,
15450.2891,
15480.2975,
15510.3531,
15540.4562,
15570.6067,
15600.8047,
15631.0503,
15661.3436,
15691.6844,
15722.0731,
15752.5095,
15782.9938,
15813.5259,
15844.1061,
15874.7342,
15905.4105,
15936.1349,
15966.9074,
15997.7283,
16028.5974,
16059.5149,
16090.4808,
16121.4952,
16152.5581,
16183.6696,
16214.8298,
16246.0387,
16277.2964,
16308.6028,
16339.9582,
16371.3625,
16402.8158,
16434.3182,
16465.8696,
16497.4703,
16529.1202,
16560.8193,
16592.5678,
16624.3658,
16656.2131,
16688.11,
16720.0565,
16752.0526,
16784.0985,
16816.194,
16848.3394,
16880.5347,
16912.7799,
16945.0751,
16977.4203,
17009.8156,
17042.2611,
17074.7569,
17107.3029,
17139.8992,
17172.546,
17205.2432,
17237.9909,
17270.7892,
17303.6382,
17336.5378,
17369.4882,
17402.4894,
17435.5415,
17468.6445,
17501.7985,
17535.0036,
17568.2598,
17601.5671,
17634.9257,
17668.3356,
17701.7968,
17735.3095,
17768.8736,
17802.4892,
17836.1564,
17869.8753,
17903.6459,
17937.4682,
17971.3424,
18005.2685,
18039.2465,
18073.2765,
18107.3586,
18141.4928,
18175.6793,
18209.9179,
18244.2089,
18278.5523,
18312.9481,
18347.3963,
18381.8972,
18416.4506,
18451.0567,
18485.7156,
18520.4272,
18555.1917,
18590.0091,
18624.8795,
18659.803,
18694.7795,
18729.8092,
18764.8922,
18800.0284,
18835.2179,
18870.4609,
18905.7573,
18941.1072,
18976.5108,
19011.968,
19047.4789,
19083.0436,
19118.6621,
19154.3345,
19190.0609,
19225.8413,
19261.6757,
19297.5643,
19333.5072,
19369.5043,
19405.5557,
19441.6615,
19477.8217,
19514.0365,
19550.3059,
19586.6299,
19623.0086,
19659.442,
19695.9303,
19732.4735,
19769.0716,
19805.7248,
19842.433,
19879.1963,
19916.0149,
19952.8887,
19989.8178,
20026.8023,
20063.8423,
20100.9378,
20138.0889,
20175.2956,
20212.558,
20249.8762,
20287.2502,
20324.6801,
20362.1659,
20399.7078,
20437.3057,
20474.9598,
20512.6701,
20550.4367,
20588.2596,
20626.1389,
20664.0746,
20702.0669,
20740.1158,
20778.2213,
20816.3835,
20854.6025,
20892.8784,
20931.2111,
20969.6009,
21008.0476,
21046.5515,
21085.1125,
21123.7308,
21162.4063,
21201.1392,
21239.9295,
21278.7773,
21317.6826,
21356.6455,
21395.6662,
21434.7445,
21473.8807,
21513.0747,
21552.3267,
21591.6366,
21631.0046,
21670.4308,
21709.9151,
21749.4577,
21789.0586,
21828.7179,
21868.4356,
21908.2119,
21948.0467,
21987.9402,
22027.8924,
22067.9034,
22107.9732,
22148.1019,
22188.2896,
22228.5363,
22268.8421,
22309.2071,
22349.6313,
22390.1148,
22430.6577,
22471.26,
22511.9218,
22552.6431,
22593.4241,
22634.2648,
22675.1652,
22716.1255,
22757.1456,
22798.2257,
22839.3658,
22880.566,
22921.8264,
22963.1469,
23004.5278,
23045.969,
23087.4706,
23129.0327,
23170.6554,
23212.3386,
23254.0826,
23295.8873,
23337.7528,
23379.6792,
23421.6666,
23463.7149,
23505.8244,
23547.995,
23590.2268,
23632.5199,
23674.8744,
23717.2902,
23759.7676,
23802.3065,
23844.907,
23887.5692,
23930.2931,
23973.0789,
24015.9266,
24058.8362,
24101.8078,
24144.8415,
24187.9374,
24231.0955,
24274.3159,
24317.5987,
24360.9438,
24404.3515,
24447.8217,
24491.3546,
24534.9502,
24578.6085,
24622.3296,
24666.1137,
24709.9607,
24753.8708,
24797.844,
24841.8803,
24885.9799,
24930.1428,
24974.3691,
25018.6588,
25063.0121,
25107.4289,
25151.9094,
25196.4536,
25241.0616,
25285.7334,
25330.4692,
25375.2689,
25420.1328,
25465.0607,
25510.0529,
25555.1093,
25600.2301,
25645.4153,
25690.665,
25735.9792,
25781.358,
25826.8015,
25872.3098,
25917.8829,
25963.5209,
26009.2238,
26054.9918,
26100.8249,
26146.7231,
26192.6866,
26238.7154,
26284.8096,
26330.9693,
26377.1944,
26423.4852,
26469.8416,
26516.2637,
26562.7516,
26609.3054,
26655.9252,
26702.6109,
26749.3627,
26796.1807,
26843.0649,
26890.0154,
26937.0323,
26984.1155,
27031.2653,
27078.4817,
27125.7647,
27173.1144,
27220.5309,
27268.0142,
27315.5645,
27363.1818,
27410.8661,
27458.6176,
27506.4362,
27554.3222,
27602.2755,
27650.2962,
27698.3844,
27746.5402,
27794.7637,
27843.0548,
27891.4137,
27939.8404,
27988.3351,
28036.8978,
28085.5285,
28134.2273,
28182.9944,
28231.8298,
28280.7335,
28329.7056,
28378.7462,
28427.8553,
28477.0331,
28526.2797,
28575.595,
28624.9791,
28674.4322,
28723.9542,
28773.5454,
28823.2057,
28872.9351,
28922.7339,
28972.6021,
29022.5396,
29072.5467,
29122.6233,
29172.7696,
29222.9856,
29273.2714,
29323.6271,
29374.0527,
29424.5483,
29475.114,
29525.7498,
29576.4559,
29627.2323,
29678.0791,
29728.9963,
29779.984,
29831.0423,
29882.1713,
29933.3711,
29984.6416,
30035.983,
30087.3954,
30138.8789,
30190.4334,
30242.0591,
30293.7561,
30345.5244,
30397.3641,
30449.2753,
30501.258,
30553.3124,
30605.4384,
30657.6362,
30709.9059,
30762.2475,
30814.6611,
30867.1467,
30919.7045,
30972.3345,
31025.0368,
31077.8114,
31130.6585,
31183.5781,
31236.5703,
31289.6352,
31342.7728,
31395.9832,
31449.2665,
31502.6227,
31556.052,
31609.5544,
31663.13,
31716.7788,
31770.501,
31824.2966,
31878.1657,
31932.1083,
31986.1246,
32040.2145,
32094.3783,
32148.6159,
32202.9275,
32257.313,
32311.7727,
32366.3065,
32420.9145,
32475.5969,
32530.3536,
32585.1848,
32640.0906,
32695.071,
32750.126,
32805.2558,
32860.4605,
32915.7401,
32971.0947,
33026.5243,
33082.0291,
33137.6092,
33193.2645,
33248.9952,
33304.8013,
33360.683,
33416.6403,
33472.6732,
33528.7819,
33584.9665,
33641.227,
33697.5634,
33753.9759,
33810.4646,
33867.0294,
33923.6706,
33980.3881,
34037.1821,
34094.0526,
34150.9997,
34208.0235,
34265.124,
34322.3014,
34379.5557,
34436.8869,
34494.2953,
34551.7807,
34609.3434,
34666.9834,
34724.7008,
34782.4956,
34840.3679,
34898.3178,
34956.3455,
35014.4509,
35072.6341,
35130.8952,
35189.2344,
35247.6516,
35306.147,
35364.7206,
35423.3725,
35482.1028,
35540.9115,
35599.7988,
35658.7647,
35717.8093,
35776.9327,
35836.135,
35895.4161,
35954.7763,
36014.2156,
36073.734,
36133.3317,
36193.0087,
36252.7652,
36312.6011,
36372.5165,
36432.5117,
36492.5865,
36552.7411,
36612.9756,
36673.2901,
36733.6846,
36794.1592,
36854.714,
36915.3491,
36976.0645,
37036.8604,
37097.7368,
37158.6938,
37219.7314,
37280.8498,
37342.049,
37403.3292,
37464.6903,
37526.1325,
37587.6558,
37649.2604,
37710.9463,
37772.7136,
37834.5623,
37896.4926,
37958.5045,
38020.5981,
38082.7735,
38145.0308,
38207.37,
38269.7913,
38332.2947,
38394.8802,
38457.5481,
38520.2983,
38583.1309,
38646.046,
38709.0437,
38772.1241,
38835.2873,
38898.5333,
38961.8622,
39025.2741,
39088.7691,
39152.3472,
39216.0086,
39279.7533,
39343.5814,
39407.493,
39471.4881,
39535.5669,
39599.7295,
39663.9758,
39728.306,
39792.7203,
39857.2185,
39921.8009,
39986.4675,
40051.2184,
40116.0537,
40180.9735,
40245.9777,
40311.0667,
40376.2403,
40441.4987,
40506.842,
40572.2702,
40637.7835,
40703.3819,
40769.0655,
40834.8344,
40900.6887,
40966.6283,
41032.6536,
41098.7644,
41164.9609,
41231.2432,
41297.6114,
41364.0655,
41430.6057,
41497.2319,
41563.9443,
41630.743,
41697.6281,
41764.5996,
41831.6576,
41898.8023,
41966.0336,
42033.3517,
42100.7566,
42168.2485,
42235.8274,
42303.4935,
42371.2467,
42439.0871,
42507.015,
42575.0302,
42643.133,
42711.3234,
42779.6015,
42847.9674,
42916.4211,
42984.9627,
43053.5924,
43122.3102,
43191.1162,
43260.0105,
43328.9931,
43398.0642,
43467.2238,
43536.472,
43605.8089,
43675.2346,
43744.7491,
43814.3526,
43884.0452,
43953.8269,
44023.6977,
44093.6579,
44163.7074,
44233.8464,
44304.0749,
44374.3931,
44444.801,
44515.2986,
44585.8862,
44656.5637,
44727.3313,
44798.189,
44869.1369,
44940.1752,
45011.3038,
45082.5229,
45153.8326,
45225.2329,
45296.724,
45368.3059,
45439.9787,
45511.7424,
45583.5973,
45655.5433,
45727.5806,
45799.7092,
45871.9292,
45944.2407,
46016.6439,
46089.1387,
46161.7252,
46234.4036,
46307.174,
46380.0364,
46452.9908,
46526.0375,
46599.1765,
46672.4078,
46745.7316,
46819.1479,
46892.6568,
46966.2585,
47039.9529,
47113.7403,
47187.6206,
47261.594,
47335.6605,
47409.8203,
47484.0733,
47558.4198,
47632.8598,
47707.3934,
47782.0206,
47856.7416,
47931.5564,
48006.4652,
48081.468,
48156.5648,
48231.7559,
48307.0413,
48382.421,
48457.8952,
48533.4639,
48609.1272,
48684.8853,
48760.7382,
48836.686,
48912.7287,
48988.8665,
49065.0995,
49141.4277,
49217.8513,
49294.3702,
49370.9847,
49447.6948,
49524.5006,
49601.4021,
49678.3995,
49755.4928,
49832.6822,
49909.9677,
49987.3495,
50064.8275,
50142.4019,
50220.0728,
50297.8403,
50375.7045,
50453.6654,
50531.7231,
50609.8777,
50688.1294,
50766.4782,
50844.9241,
50923.4674,
51002.108,
51080.846,
51159.6817,
51238.6149,
51317.6459,
51396.7747,
51476.0014,
51555.3261,
51634.7489,
51714.2699,
51793.8891,
51873.6067,
51953.4228,
52033.3373,
52113.3505,
52193.4624,
52273.6731,
52353.9828,
52434.3913,
52514.899,
52595.5058,
52676.2119,
52757.0173,
52837.9222,
52918.9266,
53000.0306,
53081.2343,
53162.5378,
53243.9412,
53325.4445,
53407.0479,
53488.7515,
53570.5554,
53652.4596,
53734.4642,
53816.5693,
53898.775,
53981.0815,
54063.4887,
54145.9969,
54228.606,
54311.3161,
54394.1275,
54477.04,
54560.054,
54643.1693,
54726.3862,
54809.7047,
54893.1249,
54976.6469,
55060.2708,
55143.9966,
55227.8246,
55311.7547,
55395.787,
55479.9218,
55564.1589,
55648.4986,
55732.9409,
55817.4859,
55902.1338,
55986.8845,
56071.7382,
56156.6951,
56241.755,
56326.9183,
56412.1849,
56497.555,
56583.0286,
56668.6059,
56754.2869,
56840.0717,
56925.9604,
57011.9532,
57098.05,
57184.2511,
57270.5564,
57356.9661,
57443.4803,
57530.0991,
57616.8225,
57703.6506,
57790.5836,
57877.6216,
57964.7646,
58052.0127,
58139.366,
58226.8246,
58314.3887,
58402.0582,
58489.8334,
58577.7142,
58665.7008,
58753.7933,
58841.9917,
58930.2962,
59018.7069,
59107.2238,
59195.847,
59284.5767,
59373.4129,
59462.3558,
59551.4053,
59640.5617,
59729.825,
59819.1953,
59908.6727,
59998.2572,
60087.9491,
60177.7483,
60267.655,
60357.6693,
60447.7912,
60538.0209,
60628.3584,
60718.8039,
60809.3575,
60900.0191,
60990.789,
61081.6672,
61172.6539,
61263.749,
61354.9528,
61446.2653,
61537.6865,
61629.2167,
61720.8559,
61812.6041,
61904.4615,
61996.4283,
62088.5043,
62180.6899,
62272.985,
62365.3898,
62457.9043,
62550.5287,
62643.263,
62736.1073,
62829.0618,
62922.1266,
63015.3016,
63108.5871,
63201.9831,
63295.4898,
63389.1071,
63482.8353,
63576.6743,
63670.6244,
63764.6856,
63858.8579,
63953.1416,
64047.5366,
64142.0431,
64236.6612,
64331.391,
64426.2326,
64521.186,
64616.2514,
64711.4288,
64806.7184,
64902.1203,
64997.6345,
65093.2612,
65189.0005,
65284.8523,
65380.817,
65476.8944,
65573.0848,
65669.3883,
65765.8048,
65862.3346,
65958.9777,
66055.7343,
66152.6044,
66249.588,
66346.6854,
66443.8967,
66541.2218,
66638.6609,
66736.2142,
66833.8816,
66931.6634,
67029.5596,
67127.5702,
67225.6955,
67323.9354,
67422.2902,
67520.7598,
67619.3444,
67718.0442,
67816.8591,
67915.7892,
68014.8348,
68113.9959,
68213.2725,
68312.6648,
68412.1729,
68511.7969,
68611.5368,
68711.3928,
68811.365,
68911.4534,
69011.6583,
69111.9796,
69212.4174,
69312.972,
69413.6432,
69514.4314,
69615.3365,
69716.3587,
69817.4981,
69918.7547,
70020.1286,
70121.6201,
70223.2291,
70324.9557,
70426.8001,
70528.7624,
70630.8426,
70733.0409,
70835.3574,
70937.7921,
71040.3451,
71143.0166,
71245.8067,
71348.7154,
71451.7429,
71554.8893,
71658.1546,
71761.5389,
71865.0424,
71968.6652,
72072.4073,
72176.2689,
72280.2501,
72384.3509,
72488.5714,
72592.9118,
72697.3722,
72801.9527,
72906.6533,
73011.4742,
73116.4154,
73221.4771,
73326.6594,
73431.9623,
73537.386,
73642.9305,
73748.5961,
73854.3827,
73960.2905,
74066.3195,
74172.4699,
74278.7418,
74385.1353,
74491.6504,
74598.2874,
74705.0462,
74811.927,
74918.9298,
75026.0549,
75133.3022,
75240.672,
75348.1642,
75455.779,
75563.5165,
75671.3768,
75779.36,
75887.4662,
75995.6955,
76104.048,
76212.5238,
76321.123,
76429.8458,
76538.6921,
76647.6622,
76756.756,
76865.9738,
76975.3156,
77084.7816,
77194.3717,
77304.0862,
77413.9251,
77523.8886,
77633.9767,
77744.1895,
77854.5272,
77964.9898,
78075.5775,
78186.2903,
78297.1284,
78408.0918,
78519.1807,
78630.3952,
78741.7353,
78853.2012,
78964.793,
79076.5107,
79188.3546,
79300.3246,
79412.4209,
79524.6435,
79636.9927,
79749.4685,
79862.071,
79974.8003,
80087.6565,
80200.6397,
80313.75,
80426.9875,
80540.3524,
80653.8447,
80767.4645,
80881.212,
80995.0871,
81109.0902,
81223.2212,
81337.4802,
81451.8674,
81566.3829,
81681.0267,
81795.799,
81910.6999,
82025.7294,
82140.8878,
82256.175,
82371.5912,
82487.1365,
82602.811,
82718.6148,
82834.548,
82950.6108,
83066.8032,
83183.1252,
83299.5772,
83416.159,
83532.8709,
83649.713,
83766.6853,
83883.7879,
84001.0211,
84118.3847,
84235.8791,
84353.5042,
84471.2603,
84589.1473,
84707.1654,
84825.3147,
84943.5953,
85062.0073,
85180.5508,
85299.226,
85418.0329,
85536.9716,
85656.0423,
85775.245,
85894.5799,
86014.047,
86133.6465,
86253.3784,
86373.243,
86493.2402,
86613.3702,
86733.6331,
86854.029,
86974.558,
87095.2203,
87216.0158,
87336.9448,
87458.0073,
87579.2035,
87700.5334,
87821.9972,
87943.5949,
88065.3267,
88187.1926,
88309.1929,
88431.3275,
88553.5966,
88676.0004,
88798.5388,
88921.2121,
89044.0203,
89166.9635,
89290.0418,
89413.2554,
89536.6044,
89660.0888,
89783.7088,
89907.4644,
90031.3559,
90155.3832,
90279.5465,
90403.846,
90528.2816,
90652.8536,
90777.562,
90902.4069,
91027.3885,
91152.5069,
91277.762,
91403.1542,
91528.6835,
91654.3499,
91780.1536,
91906.0947,
92032.1733,
92158.3896,
92284.7436,
92411.2354,
92537.8651,
92664.6329,
92791.5389,
92918.5831,
93045.7657,
93173.0868,
93300.5465,
93428.1448,
93555.882,
93683.7581,
93811.7733,
93939.9276,
94068.2211,
94196.654,
94325.2263,
94453.9383,
94582.7899,
94711.7813,
94840.9125,
94970.1839,
95099.5953,
95229.1469,
95358.8389,
95488.6714,
95618.6444,
95748.758,
95879.0125,
96009.4078,
96139.9441,
96270.6216,
96401.4402,
96532.4002,
96663.5016,
96794.7445,
96926.1291,
97057.6555,
97189.3237,
97321.1339,
97453.0862,
97585.1807,
97717.4176,
97849.7968,
97982.3186,
98114.9831,
98247.7902,
98380.7403,
98513.8333,
98647.0694,
98780.4488,
98913.9714,
99047.6374,
99181.447,
99315.4002,
99449.4971,
99583.7379,
99718.1227,
99852.6516,
99987.3246,
100122.142,
100257.104,
100392.21,
100527.461,
100662.857,
100798.397,
100934.083,
101069.913,
101205.889,
101342.01,
101478.277,
101614.689,
101751.246,
101887.95,
102024.799,
102161.794,
102298.936,
102436.223,
102573.657,
102711.237,
102848.964,
102986.838,
103124.858,
103263.025,
103401.339,
103539.8,
103678.408,
103817.164,
103956.067,
104095.118,
104234.316,
104373.662,
104513.156,
104652.798,
104792.587,
104932.526,
105072.612,
105212.847,
105353.231,
105493.763,
105634.444,
105775.273,
105916.252,
106057.38,
106198.657,
106340.084,
106481.66,
106623.385,
106765.26,
106907.285,
107049.46,
107191.785,
107334.26,
107476.885,
107619.661,
107762.587,
107905.664,
108048.891,
108192.269,
108335.798,
108479.478,
108623.31,
108767.292,
108911.426,
109055.711,
109200.148,
109344.737,
109489.478,
109634.37,
109779.415,
109924.611,
110069.96,
110215.462,
110361.116,
110506.922,
110652.881,
110798.993,
110945.259,
111091.677,
111238.248,
111384.973,
111531.851,
111678.882,
111826.068,
111973.407,
112120.9,
112268.547,
112416.348,
112564.303,
112712.413,
112860.677,
113009.095,
113157.669,
113306.397,
113455.28,
113604.318,
113753.511,
113902.859,
114052.363,
114202.023,
114351.837,
114501.808,
114651.935,
114802.217,
114952.656,
115103.25,
115254.001,
115404.909,
115555.972,
115707.193,
115858.57,
116010.104,
116161.796,
116313.644,
116465.649,
116617.812,
116770.132,
116922.61,
117075.246,
117228.039,
117380.99,
117534.099,
117687.367,
117840.792,
117994.376,
118148.119,
118302.02,
118456.08,
118610.298,
118764.676,
118919.213,
119073.909,
119228.764,
119383.778,
119538.953,
119694.286,
119849.78,
120005.433,
120161.247,
120317.221,
120473.354,
120629.648,
120786.103,
120942.718,
121099.494,
121256.431,
121413.529,
121570.787,
121728.207,
121885.789,
122043.531,
122201.435,
122359.501,
122517.728,
122676.118,
122834.669,
122993.383,
123152.258,
123311.296,
123470.497,
123629.86,
123789.386,
123949.074,
124108.926,
124268.94,
124429.118,
124589.459,
124749.963,
124910.631,
125071.463,
125232.458,
125393.617,
125554.941,
125716.428,
125878.079,
126039.895,
126201.875,
126364.02,
126526.33,
126688.804,
126851.443,
127014.248,
127177.217,
127340.352,
127503.652,
127667.118,
127830.749,
127994.546,
128158.509,
128322.638,
128486.933,
128651.395,
128816.022,
128980.816,
129145.777,
129310.904,
129476.199,
129641.66,
129807.288,
129973.084,
130139.046,
130305.176,
130471.474,
130637.939,
130804.573,
130971.374,
131138.343,
131305.48,
131472.785,
131640.259,
131807.901,
131975.712,
132143.692,
132311.84,
132480.158,
132648.644,
132817.3,
132986.125,
133155.119,
133324.283,
133493.617,
133663.121,
133832.794,
134002.637,
134172.651,
134342.835,
134513.189,
134683.714,
134854.41,
135025.276,
135196.313,
135367.521,
135538.9,
135710.451,
135882.173,
136054.066,
136226.131,
136398.368,
136570.776,
136743.357,
136916.109,
137089.034,
137262.131,
137435.401,
137608.843,
137782.457,
137956.245,
138130.205,
138304.339,
138478.646,
138653.126,
138827.779,
139002.606,
139177.607,
139352.781,
139528.129,
139703.651,
139879.348,
140055.218,
140231.263,
140407.483,
140583.877,
140760.446,
140937.189,
141114.108,
141291.202,
141468.471,
141645.915,
141823.535,
142001.33,
142179.301,
142357.448,
142535.771,
142714.27,
142892.945,
143071.797,
143250.824,
143430.029,
143609.41,
143788.968,
143968.703,
144148.614,
144328.703,
144508.97,
144689.413,
144870.035,
145050.833,
145231.81,
145412.965,
145594.297,
145775.808,
145957.497,
146139.364,
146321.41,
146503.634,
146686.038,
146868.62,
147051.381,
147234.321,
147417.44,
147600.739,
147784.217,
147967.875,
148151.713,
148335.73,
148519.928,
148704.305,
148888.863,
149073.601,
149258.519,
149443.619,
149628.898,
149814.359,
150000.001,
150185.823,
150371.827,
150558.012,
150744.379,
150930.927,
151117.657,
151304.569,
151491.662,
151678.938,
151866.396,
152054.036,
152241.858,
152429.864,
152618.051,
152806.422,
152994.975,
153183.712,
153372.632,
153561.735,
153751.021,
153940.491,
154130.145,
154319.982,
154510.003,
154700.209,
154890.598,
155081.172,
155271.93,
155462.873,
155654,
155845.312,
156036.809,
156228.491,
156420.358,
156612.411,
156804.648,
156997.072,
157189.681,
157382.475,
157575.456,
157768.623,
157961.975,
158155.514,
158349.24,
158543.152,
158737.25,
158931.535,
159126.007,
159320.667,
159515.513,
159710.546,
159905.767,
160101.176,
160296.772,
160492.555,
160688.527,
160884.687,
161081.034,
161277.57,
161474.295,
161671.207,
161868.309,
162065.599,
162263.078,
162460.746,
162658.603,
162856.65,
163054.886,
163253.311,
163451.926,
163650.731,
163849.725,
164048.91,
164248.284,
164447.849,
164647.604,
164847.55,
165047.686,
165248.013,
165448.531,
165649.24,
165850.14,
166051.232,
166252.514,
166453.988,
166655.654,
166857.512,
167059.561,
167261.802,
167464.236,
167666.862,
167869.68,
168072.69,
168275.894,
168479.29,
168682.878,
168886.66,
169090.635,
169294.803,
169499.165,
169703.72,
169908.469,
170113.411,
170318.548,
170523.878,
170729.402,
170935.121,
171141.034,
171347.142,
171553.444,
171759.941,
171966.633,
172173.52,
172380.602,
172587.879,
172795.352,
173003.02,
173210.884,
173418.944,
173627.199,
173835.651,
174044.299,
174253.142,
174462.183,
174671.42,
174880.853,
175090.484,
175300.311,
175510.335,
175720.556,
175930.975,
176141.591,
176352.405,
176563.416,
176774.625,
176986.032,
177197.637,
177409.441,
177621.442,
177833.642,
178046.041,
178258.638,
178471.434,
178684.429,
178897.623,
179111.016,
179324.608,
179538.4,
179752.392,
179966.583,
180180.974,
180395.565,
180610.356,
180825.347,
181040.539,
181255.931,
181471.523,
181687.317,
181903.311,
182119.506,
182335.902,
182552.499,
182769.298,
182986.298,
183203.5,
183420.904,
183638.509,
183856.317,
184074.326,
184292.538,
184510.952,
184729.569,
184948.388,
185167.41,
185386.635,
185606.063,
185825.694,
186045.528,
186265.566,
186485.807,
186706.252,
186926.9,
187147.753,
187368.809,
187590.07,
187811.535,
188033.204,
188255.078,
188477.157,
188699.44,
188921.928,
189144.621,
189367.52,
189590.624,
189813.933,
190037.448,
190261.168,
190485.095,
190709.227,
190933.565,
191158.11,
191382.861,
191607.818,
191832.982,
192058.353,
192283.93,
192509.715,
192735.706,
192961.905,
193188.311,
193414.925,
193641.746,
193868.775,
194096.012,
194323.457,
194551.11,
194778.971,
195007.041,
195235.319,
195463.806,
195692.501,
195921.406,
196150.519,
196379.842,
196609.374,
196839.115,
197069.066,
197299.227,
197529.597,
197760.178,
197990.968,
198221.969,
198453.18,
198684.601,
198916.233,
199148.075,
199380.129,
199612.393,
199844.869,
200077.556,
200310.454,
200543.563,
200776.885,
201010.418,
201244.162,
201478.119,
201712.288,
201946.669,
202181.263,
202416.069,
202651.088,
202886.319,
203121.764,
203357.421,
203593.292,
203829.376,
204065.673,
204302.184,
204538.909,
204775.847,
205012.999,
205250.366,
205487.946,
205725.741,
205963.751,
206201.975,
206440.413,
206679.067,
206917.935,
207157.019,
207396.318,
207635.832,
207875.562,
208115.507,
208355.668,
208596.045,
208836.638,
209077.447,
209318.472,
209559.714,
209801.173,
210042.848,
210284.739,
210526.848,
210769.174,
211011.717,
211254.477,
211497.455,
211740.65,
211984.063,
212227.694,
212471.543,
212715.61,
212959.895,
213204.398,
213449.12,
213694.061,
213939.22,
214184.598,
214430.195,
214676.012,
214922.047,
215168.302,
215414.777,
215661.471,
215908.385,
216155.519,
216402.873,
216650.447,
216898.242,
217146.256,
217394.492,
217642.948,
217891.625,
218140.523,
218389.642,
218638.982,
218888.544,
219138.327,
219388.332,
219638.558,
219889.006,
220139.677,
220390.569,
220641.684,
220893.021,
221144.581,
221396.363,
221648.368,
221900.596,
222153.048,
222405.722,
222658.62,
222911.741,
223165.085,
223418.654,
223672.446,
223926.462,
224180.702,
224435.167,
224689.856,
224944.769,
225199.907,
225455.27,
225710.857,
225966.67,
226222.708,
226478.971,
226735.459,
226992.173,
227249.113,
227506.279,
227763.67,
228021.288,
228279.131,
228537.201,
228795.498,
229054.021,
229312.771,
229571.747,
229830.951,
230090.382,
230350.04,
230609.925,
230870.038,
231130.379,
231390.947,
231651.743,
231912.768,
232174.02,
232435.501,
232697.21,
232959.148,
233221.314,
233483.709,
233746.334,
234009.187,
234272.269,
234535.581,
234799.123,
235062.894,
235326.894,
235591.125,
235855.586,
236120.276,
236385.197,
236650.349,
236915.731,
237181.344,
237447.187,
237713.261,
237979.567,
238246.103,
238512.871,
238779.871,
239047.102,
239314.565,
239582.259,
239850.186,
240118.344,
240386.735,
240655.359,
240924.214,
241193.303,
241462.624,
241732.178,
242001.966,
242271.986,
242542.24,
242812.727,
243083.447,
243354.402,
243625.59,
243897.012,
244168.669,
244440.559,
244712.684,
244985.043,
245257.637,
245530.466,
245803.53,
246076.828,
246350.362,
246624.131,
246898.136,
247172.376,
247446.852,
247721.563,
247996.511,
248271.694,
248547.114,
248822.77,
249098.663,
249374.792,
249651.158,
249927.761,
250204.601,
250481.678,
250758.992,
251036.543,
251314.333,
251592.36,
251870.624,
252149.127,
252427.867,
252706.846,
252986.063,
253265.519,
253545.213,
253825.146,
254105.318,
254385.729,
254666.379,
254947.268,
255228.396,
255509.764,
255791.372,
256073.22,
256355.307,
256637.635,
256920.202,
257203.01,
257486.059,
257769.348,
258052.877,
258336.648,
258620.659,
258904.912,
259189.406,
259474.141,
259759.118,
260044.336,
260329.796,
260615.499,
260901.443,
261187.629,
261474.057,
261760.729,
262047.642,
262334.798,
262622.198,
262909.84,
263197.725,
263485.853,
263774.225,
264062.84,
264351.699,
264640.802,
264930.149,
265219.739,
265509.574,
265799.653,
266089.977,
266380.545,
266671.357,
266962.415,
267253.717,
267545.265,
267837.058,
268129.096,
268421.38,
268713.909,
269006.684,
269299.705,
269592.972,
269886.485,
270180.245,
270474.251,
270768.503,
271063.002,
271357.748,
271652.741,
271947.981,
272243.468,
272539.202,
272835.184,
273131.414,
273427.891,
273724.617,
274021.59,
274318.811,
274616.281,
274913.999,
275211.966,
275510.181,
275808.645,
276107.358,
276406.32,
276705.532,
277004.992,
277304.703,
277604.662,
277904.872,
278205.331,
278506.041,
278807,
279108.21,
279409.671,
279711.381,
280013.343,
280315.555,
280618.019,
280920.733,
281223.698,
281526.915,
281830.384,
282134.104,
282438.075,
282742.299,
283046.774,
283351.502,
283656.482,
283961.715,
284267.199,
284572.937,
284878.928,
285185.171,
285491.667,
285798.417,
286105.42,
286412.676,
286720.186,
287027.95,
287335.968,
287644.24,
287952.765,
288261.546,
288570.58,
288879.869,
289189.413,
289499.211,
289809.265,
290119.573,
290430.137,
290740.956,
291052.031,
291363.361,
291674.947,
291986.788,
292298.886,
292611.24,
292923.85,
293236.717,
293549.84,
293863.219,
294176.856,
294490.75,
294804.9,
295119.308,
295433.973,
295748.896,
296064.076,
296379.514,
296695.21,
297011.163,
297327.375,
297643.845,
297960.574,
298277.561,
298594.807,
298912.312,
299230.075,
299548.098,
299866.38,
300184.921,
300503.721,
300822.782,
301142.102,
301461.682,
301781.521,
302101.621,
302421.982,
302742.602,
303063.484,
303384.625,
303706.028,
304027.692,
304349.616,
304671.802,
304994.249,
305316.958,
305639.928,
305963.16,
306286.654,
306610.41,
306934.428,
307258.709,
307583.251,
307908.056,
308233.124,
308558.455,
308884.049,
309209.905,
309536.025,
309862.409,
310189.055,
310515.966,
310843.14,
311170.578,
311498.28,
311826.246,
312154.476,
312482.971,
312811.73,
313140.754,
313470.043,
313799.597,
314129.415,
314459.499,
314789.849,
315120.464,
315451.344,
315782.49,
316113.902,
316445.58,
316777.524,
317109.735,
317442.211,
317774.955,
318107.965,
318441.242,
318774.785,
319108.596,
319442.674,
319777.02,
320111.632,
320446.513,
320781.661,
321117.077,
321452.761,
321788.713,
322124.934,
322461.423,
322798.18,
323135.206,
323472.501,
323810.065,
324147.898,
324486,
324824.371,
325163.012,
325501.923,
325841.103,
326180.553,
326520.273,
326860.263,
327200.524,
327541.055,
327881.856,
328222.928,
328564.271,
328905.885,
329247.77,
329589.926,
329932.354,
330275.052,
330618.023,
330961.265,
331304.779,
331648.566,
331992.624,
332336.954,
332681.557,
333026.433,
333371.581,
333717.002,
334062.696,
334408.663,
334754.903,
335101.416,
335448.203,
335795.264,
336142.598,
336490.206,
336838.088,
337186.245,
337534.675,
337883.38,
338232.36,
338581.614,
338931.143,
339280.947,
339631.026,
339981.38,
340332.009,
340682.914,
341034.095,
341385.551,
341737.283,
342089.291,
342441.575,
342794.136,
343146.973,
343500.086,
343853.476,
344207.143,
344561.087,
344915.308,
345269.806,
345624.581,
345979.634,
346334.965,
346690.573,
347046.459,
347402.623,
347759.065,
348115.786,
348472.784,
348830.062,
349187.618,
349545.452,
349903.566,
350261.959,
350620.631,
350979.582,
351338.813,
351698.323,
352058.113,
352418.183,
352778.533,
353139.163,
353500.073,
353861.264,
354222.735,
354584.487,
354946.52,
355308.833,
355671.428,
356034.303,
356397.46,
356760.899,
357124.619,
357488.621,
357852.904,
358217.47,
358582.318,
358947.448,
359312.86,
359678.555,
360044.533,
360410.793,
360777.336,
361144.162,
361511.272,
361878.664,
362246.341,
362614.3,
362982.544,
363351.071,
363719.882,
364088.978,
364458.357,
364828.021,
365197.97,
365568.203,
365938.721,
366309.524,
366680.611,
367051.984,
367423.643,
367795.586,
368167.815,
368540.33,
368913.131,
369286.218,
369659.591,
370033.25,
370407.195,
370781.427,
371155.946,
371530.751,
371905.843,
372281.222,
372656.889,
373032.842,
373409.083,
373785.612,
374162.428,
374539.532,
374916.924,
375294.604,
375672.573,
376050.829,
376429.375,
376808.208,
377187.331,
377566.742,
377946.443,
378326.432,
378706.711,
379087.279,
379468.137,
379849.284,
380230.721,
380612.448,
380994.466,
381376.773,
381759.371,
382142.259,
382525.438,
382908.907,
383292.667,
383676.719,
384061.061,
384445.695,
384830.62,
385215.837,
385601.345,
385987.145,
386373.237,
386759.621,
387146.297,
387533.266,
387920.527,
388308.08,
388695.926,
389084.065,
389472.497,
389861.223,
390250.241,
390639.553,
391029.158,
391419.057,
391809.249,
392199.736,
392590.516,
392981.591,
393372.96,
393764.623,
394156.581,
394548.834,
394941.382,
395334.224,
395727.361,
396120.794,
396514.522,
396908.546,
397302.865,
397697.48,
398092.39,
398487.597,
398883.1,
399278.899,
399674.995,
400071.387,
400468.076,
400865.061,
401262.344,
401659.923,
402057.8,
402455.974,
402854.445,
403253.214,
403652.281,
404051.646,
404451.308,
404851.269,
405251.528,
405652.085,
406052.941,
406454.095,
406855.548,
407257.3,
407659.352,
408061.702,
408464.351,
408867.3,
409270.549,
409674.097,
410077.945,
410482.093,
410886.541,
411291.289,
411696.338,
412101.687,
412507.337,
412913.287,
413319.538,
413726.091,
414132.944,
414540.099,
414947.555,
415355.312,
415763.372,
416171.733,
416580.396,
416989.36,
417398.628,
417808.197,
418218.069,
418628.243,
419038.721,
419449.5,
419860.583,
420271.969,
420683.659,
421095.651,
421507.947,
421920.547,
422333.451,
422746.658,
423160.169,
423573.985,
423988.104,
424402.528,
424817.257,
425232.29,
425647.629,
426063.272,
426479.22,
426895.473,
427312.032,
427728.896,
428146.065,
428563.541,
428981.322,
429399.409,
429817.802,
430236.502,
430655.507,
431074.82,
431494.439,
431914.364,
432334.597,
432755.136,
433175.983,
433597.137,
434018.598,
434440.367,
434862.444,
435284.828,
435707.52,
436130.521,
436553.829,
436977.446,
437401.371,
437825.605,
438250.148,
438674.999,
439100.159,
439525.629,
439951.408,
440377.496,
440803.893,
441230.6,
441657.617,
442084.944,
442512.58,
442940.527,
443368.784,
443797.352,
444226.23,
444655.419,
445084.918,
445514.729,
445944.85,
446375.283,
446806.027,
447237.082,
447668.449,
448100.127,
448532.118,
448964.42,
449397.035,
449829.961,
450263.2,
450696.752,
451130.616,
451564.793,
451999.282,
452434.085,
452869.201,
453304.63,
453740.372,
454176.428,
454612.797,
455049.481,
455486.478,
455923.789,
456361.414,
456799.354,
457237.608,
457676.177,
458115.06,
458554.258,
458993.771,
459433.599,
459873.742,
460314.201,
460754.975,
461196.064,
461637.47,
462079.191,
462521.228,
462963.581,
463406.25,
463849.236,
464292.538,
464736.157,
465180.092,
465624.345,
466068.914,
466513.8,
466959.004,
467404.525,
467850.364,
468296.52,
468742.994,
469189.786,
469636.896,
470084.324,
470532.07,
470980.135,
471428.519,
471877.22,
472326.241,
472775.581,
473225.24,
473675.218,
474125.515,
474576.131,
475027.068,
475478.324,
475929.899,
476381.795,
476834.011,
477286.547,
477739.403,
478192.58,
478646.077,
479099.895,
479554.034,
480008.494,
480463.275,
480918.377,
481373.801,
481829.546,
482285.612,
482742.001,
483198.711,
483655.743,
484113.098,
484570.774,
485028.773,
485487.095,
485945.739,
486404.706,
486863.996,
487323.609,
487783.545,
488243.804,
488704.387,
489165.293,
489626.523,
490088.077,
490549.954,
491012.156,
491474.682,
491937.532,
492400.706,
492864.205,
493328.029,
493792.178,
494256.651,
494721.45,
495186.574,
495652.023,
496117.797,
496583.897,
497050.323,
497517.075,
497984.152,
498451.556,
498919.286,
499387.342,
499855.725,
500324.434,
500793.47,
501262.833,
501732.523,
502202.54,
502672.884,
503143.555,
503614.554,
504085.881,
504557.535,
505029.517,
505501.827,
505974.465,
506447.432,
506920.727,
507394.35,
507868.302,
508342.583,
508817.192,
509292.131,
509767.398,
510242.995,
510718.922,
511195.177,
511671.763,
512148.678,
512625.923,
513103.498,
513581.404,
514059.639,
514538.205,
515017.101,
515496.328,
515975.886,
516455.775,
516935.995,
517416.546,
517897.428,
518378.641,
518860.186,
519342.063,
519824.272,
520306.812,
520789.684,
521272.889,
521756.426,
522240.295,
522724.497,
523209.031,
523693.899,
524179.099,
524664.632,
525150.498,
525636.698,
526123.231,
526610.098,
527097.298,
527584.832,
528072.7,
528560.902,
529049.438,
529538.309,
530027.514,
530517.053,
531006.927,
531497.136,
531987.68,
532478.559,
532969.773,
533461.322,
533953.207,
534445.427,
534937.983,
535430.875,
535924.102,
536417.666,
536911.566,
537405.802,
537900.374,
538395.284,
538890.529,
539386.112,
539882.031,
540378.288,
540874.882,
541371.813,
541869.081,
542366.687,
542864.631,
543362.912,
543861.531,
544360.489,
544859.784,
545359.418,
545859.39,
546359.701,
546860.351,
547361.339,
547862.666,
548364.332,
548866.338,
549368.682,
549871.366,
550374.39,
550877.753,
551381.456,
551885.499,
552389.882,
552894.605,
553399.669,
553905.072,
554410.817,
554916.902,
555423.327,
555930.094,
556437.202,
556944.65,
557452.44,
557960.572,
558469.045,
558977.86,
559487.016,
559996.514,
560506.355,
561016.537,
561527.062,
562037.929,
562549.138,
563060.69,
563572.585,
564084.823,
564597.404,
565110.328,
565623.595,
566137.206,
566651.16,
567165.457,
567680.099,
568195.084,
568710.413,
569226.087,
569742.104,
570258.466,
570775.173,
571292.224,
571809.619,
572327.36,
572845.446,
573363.876,
573882.652,
574401.773,
574921.24,
575441.052,
575961.21,
576481.714,
577002.564,
577523.759,
578045.301,
578567.19,
579089.424,
579612.006,
580134.934,
580658.208,
581181.83,
581705.799,
582230.115,
582754.778,
583279.789,
583805.147,
584330.853,
584856.907,
585383.308,
585910.058,
586437.155,
586964.602,
587492.396,
588020.539,
588549.03,
589077.871,
589607.06,
590136.598,
590666.485,
591196.722,
591727.308,
592258.243,
592789.529,
593321.163,
593853.148,
594385.483,
594918.167,
595451.202,
595984.588,
596518.323,
597052.41,
597586.847,
598121.635,
598656.773,
599192.263,
599728.104,
600264.297,
600800.84,
601337.736,
601874.983,
602412.582,
602950.532,
603488.835,
604027.49,
604566.497,
605105.857,
605645.569,
606185.634,
606726.051,
607266.822,
607807.945,
608349.422,
608891.252,
609433.435,
609975.971,
610518.862,
611062.106,
611605.703,
612149.655,
612693.961,
613238.621,
613783.636,
614329.005,
614874.728,
615420.806,
615967.239,
616514.027,
617061.17,
617608.668,
618156.521,
618704.73,
619253.294,
619802.214,
620351.49,
620901.121,
621451.109,
622001.453,
622552.153,
623103.209,
623654.622,
624206.391,
624758.518,
625311.001,
625863.841,
626417.038,
626970.592,
627524.503,
628078.772,
628633.399,
629188.383,
629743.725,
630299.425,
630855.483,
631411.899,
631968.674,
632525.807,
633083.298,
633641.148,
634199.357,
634757.924,
635316.851,
635876.137,
636435.782,
636995.786,
637556.15,
638116.873,
638677.956,
639239.399,
639801.202,
640363.365,
640925.888,
641488.771,
642052.015,
642615.619,
643179.584,
643743.909,
644308.596,
644873.644,
645439.052,
646004.822,
646570.953,
647137.446,
647704.301,
648271.517,
648839.094,
649407.034,
649975.336,
650544,
651113.027,
651682.416,
652252.167,
652822.281,
653392.758,
653963.597,
654534.8,
655106.366,
655678.295,
656250.587,
656823.243,
657396.263,
657969.646,
658543.393,
659117.504,
659691.979,
660266.818,
660842.021,
661417.589,
661993.522,
662569.819,
663146.481,
663723.508,
664300.899,
664878.656,
665456.778,
666035.266,
666614.119,
667193.337,
667772.921,
668352.871,
668933.187,
669513.869,
670094.918,
670676.332,
671258.113,
671840.26,
672422.774,
673005.655,
673588.903,
674172.517,
674756.499,
675340.848,
675925.564,
676510.648,
677096.099,
677681.918,
678268.105,
678854.659,
679441.582,
680028.873,
680616.532,
681204.559,
681792.955,
682381.72,
682970.853,
683560.355,
684150.226,
684740.466,
685331.075,
685922.054,
686513.402,
687105.119,
687697.207,
688289.663,
688882.49,
689475.687,
690069.254,
690663.191,
691257.498,
691852.176,
692447.225,
693042.644,
693638.434,
694234.595,
694831.127,
695428.03,
696025.304,
696622.95,
697220.967,
697819.355,
698418.116,
699017.248,
699616.752,
700216.628,
700816.877,
701417.498,
702018.491,
702619.856,
703221.595,
703823.706,
704426.189,
705029.046,
705632.276,
706235.879,
706839.856,
707444.205,
708048.929,
708654.026,
709259.497,
709865.341,
710471.56,
711078.153,
711685.12,
712292.461,
712900.177,
713508.267,
714116.732,
714725.572,
715334.787,
715944.377,
716554.342,
717164.682,
717775.397,
718386.488,
718997.955,
719609.797,
720222.015,
720834.609,
721447.579,
722060.925,
722674.648,
723288.746,
723903.222,
724518.074,
725133.302,
725748.908,
726364.89,
726981.249,
727597.986,
728215.1,
728832.591,
729450.46,
730068.706,
730687.33,
731306.332,
731925.712,
732545.47,
733165.606,
733786.12,
734407.013,
735028.285,
735649.934,
736271.963,
736894.371,
737517.157,
738140.323,
738763.867,
739387.791,
740012.095,
740636.778,
741261.84,
741887.283,
742513.105,
743139.307,
743765.889,
744392.852,
745020.194,
745647.918,
746276.021,
746904.505,
747533.37,
748162.616,
748792.243,
749422.251,
750052.64,
750683.411,
751314.562,
751946.096,
752578.011,
753210.307,
753842.986,
754476.046,
755109.489,
755743.314,
756377.521,
757012.11,
757647.082,
758282.437,
758918.174,
759554.295,
760190.798,
760827.684,
761464.953,
762102.606,
762740.642,
763379.062,
764017.865,
764657.052,
765296.623,
765936.578,
766576.916,
767217.639,
767858.747,
768500.238,
769142.114,
769784.375,
770427.021,
771070.051,
771713.466,
772357.266,
773001.452,
773646.023,
774290.979,
774936.32,
775582.047,
776228.16,
776874.659,
777521.543,
778168.814,
778816.471,
779464.514,
780112.943,
780761.759,
781410.961,
782060.55,
782710.526,
783360.889,
784011.639,
784662.776,
785314.3,
785966.211,
786618.51,
787271.197,
787924.271,
788577.733,
789231.582,
789885.82,
790540.446,
791195.46,
791850.862,
792506.653,
793162.832,
793819.4,
794476.357,
795133.703,
795791.437,
796449.561,
797108.073,
797766.975,
798426.267,
799085.947,
799746.018,
800406.478,
801067.328,
801728.568,
802390.198,
803052.218,
803714.628,
804377.429,
805040.62,
805704.202,
806368.174,
807032.537,
807697.292,
808362.437,
809027.973,
809693.9,
810360.219,
811026.929,
811694.031,
812361.524,
813029.409,
813697.686,
814366.355,
815035.416,
815704.869,
816374.714,
817044.952,
817715.582,
818386.605,
819058.02,
819729.829,
820402.03,
821074.624,
821747.611,
822420.992,
823094.766,
823768.933,
824443.494,
825118.449,
825793.797,
826469.54,
827145.676,
827822.206,
828499.13,
829176.449,
829854.162,
830532.27,
831210.772,
831889.669,
832568.961,
833248.648,
833928.729,
834609.206,
835290.078,
835971.346,
836653.009,
837335.067,
838017.521,
838700.371,
839383.617,
840067.258,
840751.296,
841435.73,
842120.56,
842805.787,
843491.41,
844177.43,
844863.846,
845550.659,
846237.869,
846925.476,
847613.481,
848301.882,
848990.681,
849679.877,
850369.471,
851059.462,
851749.851,
852440.638,
853131.823,
853823.406,
854515.387,
855207.767,
855900.545,
856593.721,
857287.296,
857981.269,
858675.641,
859370.413,
860065.583,
860761.152,
861457.12,
862153.488,
862850.255,
863547.422,
864244.988,
864942.954,
865641.32,
866340.085,
867039.251,
867738.817,
868438.783,
869139.149,
869839.916,
870541.083,
871242.651,
871944.62,
872646.989,
873349.76,
874052.931,
874756.504,
875460.478,
876164.853,
876869.63,
877574.808,
878280.388,
878986.369,
879692.753,
880399.538,
881106.726,
881814.316,
882522.308,
883230.702,
883939.499,
884648.698,
885358.3,
886068.305,
886778.713,
887489.523,