îgêî(cm-1),åıäwìIå˙Ç≥,ìßâﬂó¶T=exp(-tau)
4973,1.46E-07,0.999999854
4973.001,1.47E-07,0.999999853
4973.002,1.47E-07,0.999999853
4973.003,1.47E-07,0.999999853
4973.004,1.48E-07,0.999999852
4973.005,1.48E-07,0.999999852
4973.006,1.48E-07,0.999999852
4973.007,1.49E-07,0.999999851
4973.008,1.49E-07,0.999999851
4973.009,1.49E-07,0.999999851
4973.01,1.50E-07,0.99999985
4973.011,1.50E-07,0.99999985
4973.012,1.50E-07,0.99999985
4973.013,1.51E-07,0.999999849
4973.014,1.51E-07,0.999999849
4973.015,1.51E-07,0.999999849
4973.016,1.52E-07,0.999999848
4973.017,1.52E-07,0.999999848
4973.018,1.53E-07,0.999999847
4973.019,1.53E-07,0.999999847
4973.02,1.53E-07,0.999999847
4973.021,1.54E-07,0.999999846
4973.022,1.54E-07,0.999999846
4973.023,1.54E-07,0.999999846
4973.024,1.55E-07,0.999999845
4973.025,1.55E-07,0.999999845
4973.026,1.55E-07,0.999999845
4973.027,1.56E-07,0.999999844
4973.028,1.56E-07,0.999999844
4973.029,1.57E-07,0.999999843
4973.03,1.57E-07,0.999999843
4973.031,1.57E-07,0.999999843
4973.032,1.58E-07,0.999999842
4973.033,1.58E-07,0.999999842
4973.034,1.58E-07,0.999999842
4973.035,1.59E-07,0.999999841
4973.036,1.59E-07,0.999999841
4973.037,1.60E-07,0.99999984
4973.038,1.60E-07,0.99999984
4973.039,1.60E-07,0.99999984
4973.04,1.61E-07,0.999999839
4973.041,1.61E-07,0.999999839
4973.042,1.62E-07,0.999999838
4973.043,1.62E-07,0.999999838
4973.044,1.62E-07,0.999999838
4973.045,1.63E-07,0.999999837
4973.046,1.63E-07,0.999999837
4973.047,1.64E-07,0.999999836
4973.048,1.64E-07,0.999999836
4973.049,1.64E-07,0.999999836
4973.05,1.65E-07,0.999999835
4973.051,1.65E-07,0.999999835
4973.052,1.66E-07,0.999999834
4973.053,1.66E-07,0.999999834
4973.054,1.66E-07,0.999999834
4973.055,1.67E-07,0.999999833
4973.056,1.67E-07,0.999999833
4973.057,1.68E-07,0.999999832
4973.058,1.68E-07,0.999999832
4973.059,1.68E-07,0.999999832
4973.06,1.69E-07,0.999999831
4973.061,1.69E-07,0.999999831
4973.062,1.70E-07,0.99999983
4973.063,1.70E-07,0.99999983
4973.064,1.71E-07,0.999999829
4973.065,1.71E-07,0.999999829
4973.066,1.71E-07,0.999999829
4973.067,1.72E-07,0.999999828
4973.068,1.72E-07,0.999999828
4973.069,1.73E-07,0.999999827
4973.07,1.73E-07,0.999999827
4973.071,1.74E-07,0.999999826
4973.072,1.74E-07,0.999999826
4973.073,1.75E-07,0.999999825
4973.074,1.75E-07,0.999999825
4973.075,1.75E-07,0.999999825
4973.076,1.76E-07,0.999999824
4973.077,1.76E-07,0.999999824
4973.078,1.77E-07,0.999999823
4973.079,1.77E-07,0.999999823
4973.08,1.78E-07,0.999999822
4973.081,1.78E-07,0.999999822
4973.082,1.79E-07,0.999999821
4973.083,1.79E-07,0.999999821
4973.084,1.79E-07,0.999999821
4973.085,1.80E-07,0.99999982
4973.086,1.80E-07,0.99999982
4973.087,1.81E-07,0.999999819
4973.088,1.81E-07,0.999999819
4973.089,1.82E-07,0.999999818
4973.09,1.82E-07,0.999999818
4973.091,1.83E-07,0.999999817
4973.092,1.83E-07,0.999999817
4973.093,1.84E-07,0.999999816
4973.094,1.84E-07,0.999999816
4973.095,1.85E-07,0.999999815
4973.096,1.85E-07,0.999999815
4973.097,1.86E-07,0.999999814
4973.098,1.86E-07,0.999999814
4973.099,1.87E-07,0.999999813
4973.1,1.87E-07,0.999999813
4973.101,1.88E-07,0.999999812
4973.102,1.88E-07,0.999999812
4973.103,1.89E-07,0.999999811
4973.104,1.89E-07,0.999999811
4973.105,1.90E-07,0.99999981
4973.106,1.90E-07,0.99999981
4973.107,1.91E-07,0.999999809
4973.108,1.91E-07,0.999999809
4973.109,1.92E-07,0.999999808
4973.11,1.92E-07,0.999999808
4973.111,1.93E-07,0.999999807
4973.112,1.93E-07,0.999999807
4973.113,1.94E-07,0.999999806
4973.114,1.94E-07,0.999999806
4973.115,1.95E-07,0.999999805
4973.116,1.95E-07,0.999999805
4973.117,1.96E-07,0.999999804
4973.118,1.96E-07,0.999999804
4973.119,1.97E-07,0.999999803
4973.12,1.97E-07,0.999999803
4973.121,1.98E-07,0.999999802
4973.122,1.98E-07,0.999999802
4973.123,1.99E-07,0.999999801
4973.124,1.99E-07,0.999999801
4973.125,2.00E-07,0.9999998
4973.126,2.01E-07,0.999999799
4973.127,2.01E-07,0.999999799
4973.128,2.02E-07,0.999999798
4973.129,2.02E-07,0.999999798
4973.13,2.03E-07,0.999999797
4973.131,2.03E-07,0.999999797
4973.132,2.04E-07,0.999999796
4973.133,2.04E-07,0.999999796
4973.134,2.05E-07,0.999999795
4973.135,2.05E-07,0.999999795
4973.136,2.06E-07,0.999999794
4973.137,2.07E-07,0.999999793
4973.138,2.07E-07,0.999999793
4973.139,2.08E-07,0.999999792
4973.14,2.08E-07,0.999999792
4973.141,2.09E-07,0.999999791
4973.142,2.10E-07,0.99999979
4973.143,2.10E-07,0.99999979
4973.144,2.11E-07,0.999999789
4973.145,2.11E-07,0.999999789
4973.146,2.12E-07,0.999999788
4973.147,2.12E-07,0.999999788
4973.148,2.13E-07,0.999999787
4973.149,2.14E-07,0.999999786
4973.15,2.14E-07,0.999999786
4973.151,2.15E-07,0.999999785
4973.152,2.15E-07,0.999999785
4973.153,2.16E-07,0.999999784
4973.154,2.17E-07,0.999999783
4973.155,2.17E-07,0.999999783
4973.156,2.18E-07,0.999999782
4973.157,2.19E-07,0.999999781
4973.158,2.19E-07,0.999999781
4973.159,2.20E-07,0.99999978
4973.16,2.20E-07,0.99999978
4973.161,2.21E-07,0.999999779
4973.162,2.22E-07,0.999999778
4973.163,2.22E-07,0.999999778
4973.164,2.23E-07,0.999999777
4973.165,2.24E-07,0.999999776
4973.166,2.24E-07,0.999999776
4973.167,2.25E-07,0.999999775
4973.168,2.25E-07,0.999999775
4973.169,2.26E-07,0.999999774
4973.17,2.27E-07,0.999999773
4973.171,2.27E-07,0.999999773
4973.172,2.28E-07,0.999999772
4973.173,2.29E-07,0.999999771
4973.174,2.29E-07,0.999999771
4973.175,2.30E-07,0.99999977
4973.176,2.31E-07,0.999999769
4973.177,2.31E-07,0.999999769
4973.178,2.32E-07,0.999999768
4973.179,2.33E-07,0.999999767
4973.18,2.33E-07,0.999999767
4973.181,2.34E-07,0.999999766
4973.182,2.35E-07,0.999999765
4973.183,2.36E-07,0.999999764
4973.184,2.36E-07,0.999999764
4973.185,2.37E-07,0.999999763
4973.186,2.38E-07,0.999999762
4973.187,2.38E-07,0.999999762
4973.188,2.39E-07,0.999999761
4973.189,2.40E-07,0.99999976
4973.19,2.40E-07,0.99999976
4973.191,2.41E-07,0.999999759
4973.192,2.42E-07,0.999999758
4973.193,2.43E-07,0.999999757
4973.194,2.43E-07,0.999999757
4973.195,2.44E-07,0.999999756
4973.196,2.45E-07,0.999999755
4973.197,2.46E-07,0.999999754
4973.198,2.46E-07,0.999999754
4973.199,2.47E-07,0.999999753
4973.2,2.48E-07,0.999999752
4973.201,2.49E-07,0.999999751
4973.202,2.49E-07,0.999999751
4973.203,2.50E-07,0.99999975
4973.204,2.51E-07,0.999999749
4973.205,2.52E-07,0.999999748
4973.206,2.52E-07,0.999999748
4973.207,2.53E-07,0.999999747
4973.208,2.54E-07,0.999999746
4973.209,2.55E-07,0.999999745
4973.21,2.55E-07,0.999999745
4973.211,2.56E-07,0.999999744
4973.212,2.57E-07,0.999999743
4973.213,2.58E-07,0.999999742
4973.214,2.59E-07,0.999999741
4973.215,2.59E-07,0.999999741
4973.216,2.60E-07,0.99999974
4973.217,2.61E-07,0.999999739
4973.218,2.62E-07,0.999999738
4973.219,2.63E-07,0.999999737
4973.22,2.63E-07,0.999999737
4973.221,2.64E-07,0.999999736
4973.222,2.65E-07,0.999999735
4973.223,2.66E-07,0.999999734
4973.224,2.67E-07,0.999999733
4973.225,2.68E-07,0.999999732
4973.226,2.68E-07,0.999999732
4973.227,2.69E-07,0.999999731
4973.228,2.70E-07,0.99999973
4973.229,2.71E-07,0.999999729
4973.23,2.72E-07,0.999999728
4973.231,2.73E-07,0.999999727
4973.232,2.74E-07,0.999999726
4973.233,2.74E-07,0.999999726
4973.234,2.75E-07,0.999999725
4973.235,2.76E-07,0.999999724
4973.236,2.77E-07,0.999999723
4973.237,2.78E-07,0.999999722
4973.238,2.79E-07,0.999999721
4973.239,2.80E-07,0.99999972
4973.24,2.81E-07,0.999999719
4973.241,2.82E-07,0.999999718
4973.242,2.82E-07,0.999999718
4973.243,2.83E-07,0.999999717
4973.244,2.84E-07,0.999999716
4973.245,2.85E-07,0.999999715
4973.246,2.86E-07,0.999999714
4973.247,2.87E-07,0.999999713
4973.248,2.88E-07,0.999999712
4973.249,2.89E-07,0.999999711
4973.25,2.90E-07,0.99999971
4973.251,2.91E-07,0.999999709
4973.252,2.92E-07,0.999999708
4973.253,2.93E-07,0.999999707
4973.254,2.94E-07,0.999999706
4973.255,2.95E-07,0.999999705
4973.256,2.96E-07,0.999999704
4973.257,2.97E-07,0.999999703
4973.258,2.98E-07,0.999999702
4973.259,2.99E-07,0.999999701
4973.26,3.00E-07,0.9999997
4973.261,3.01E-07,0.999999699
4973.262,3.02E-07,0.999999698
4973.263,3.03E-07,0.999999697
4973.264,3.04E-07,0.999999696
4973.265,3.05E-07,0.999999695
4973.266,3.06E-07,0.999999694
4973.267,3.07E-07,0.999999693
4973.268,3.08E-07,0.999999692
4973.269,3.09E-07,0.999999691
4973.27,3.10E-07,0.99999969
4973.271,3.11E-07,0.999999689
4973.272,3.12E-07,0.999999688
4973.273,3.13E-07,0.999999687
4973.274,3.14E-07,0.999999686
4973.275,3.15E-07,0.999999685
4973.276,3.16E-07,0.999999684
4973.277,3.17E-07,0.999999683
4973.278,3.18E-07,0.999999682
4973.279,3.19E-07,0.999999681
4973.28,3.20E-07,0.99999968
4973.281,3.22E-07,0.999999678
4973.282,3.23E-07,0.999999677
4973.283,3.24E-07,0.999999676
4973.284,3.25E-07,0.999999675
4973.285,3.26E-07,0.999999674
4973.286,3.27E-07,0.999999673
4973.287,3.28E-07,0.999999672
4973.288,3.29E-07,0.999999671
4973.289,3.31E-07,0.999999669
4973.29,3.32E-07,0.999999668
4973.291,3.33E-07,0.999999667
4973.292,3.34E-07,0.999999666
4973.293,3.35E-07,0.999999665
4973.294,3.36E-07,0.999999664
4973.295,3.38E-07,0.999999662
4973.296,3.39E-07,0.999999661
4973.297,3.40E-07,0.99999966
4973.298,3.41E-07,0.999999659
4973.299,3.42E-07,0.999999658
4973.3,3.44E-07,0.999999656
4973.301,3.45E-07,0.999999655
4973.302,3.46E-07,0.999999654
4973.303,3.47E-07,0.999999653
4973.304,3.49E-07,0.999999651
4973.305,3.50E-07,0.99999965
4973.306,3.51E-07,0.999999649
4973.307,3.52E-07,0.999999648
4973.308,3.54E-07,0.999999646
4973.309,3.55E-07,0.999999645
4973.31,3.56E-07,0.999999644
4973.311,3.57E-07,0.999999643
4973.312,3.59E-07,0.999999641
4973.313,3.60E-07,0.99999964
4973.314,3.61E-07,0.999999639
4973.315,3.63E-07,0.999999637
4973.316,3.64E-07,0.999999636
4973.317,3.65E-07,0.999999635
4973.318,3.67E-07,0.999999633
4973.319,3.68E-07,0.999999632
4973.32,3.69E-07,0.999999631
4973.321,3.71E-07,0.999999629
4973.322,3.72E-07,0.999999628
4973.323,3.73E-07,0.999999627
4973.324,3.75E-07,0.999999625
4973.325,3.76E-07,0.999999624
4973.326,3.78E-07,0.999999622
4973.327,3.79E-07,0.999999621
4973.328,3.81E-07,0.999999619
4973.329,3.82E-07,0.999999618
4973.33,3.83E-07,0.999999617
4973.331,3.85E-07,0.999999615
4973.332,3.86E-07,0.999999614
4973.333,3.88E-07,0.999999612
4973.334,3.89E-07,0.999999611
4973.335,3.91E-07,0.999999609
4973.336,3.92E-07,0.999999608
4973.337,3.94E-07,0.999999606
4973.338,3.95E-07,0.999999605
4973.339,3.97E-07,0.999999603
4973.34,3.98E-07,0.999999602
4973.341,4.00E-07,0.9999996
4973.342,4.01E-07,0.999999599
4973.343,4.03E-07,0.999999597
4973.344,4.04E-07,0.999999596
4973.345,4.06E-07,0.999999594
4973.346,4.07E-07,0.999999593
4973.347,4.09E-07,0.999999591
4973.348,4.11E-07,0.999999589
4973.349,4.12E-07,0.999999588
4973.35,4.14E-07,0.999999586
4973.351,4.15E-07,0.999999585
4973.352,4.17E-07,0.999999583
4973.353,4.19E-07,0.999999581
4973.354,4.20E-07,0.99999958
4973.355,4.22E-07,0.999999578
4973.356,4.24E-07,0.999999576
4973.357,4.25E-07,0.999999575
4973.358,4.27E-07,0.999999573
4973.359,4.29E-07,0.999999571
4973.36,4.30E-07,0.99999957
4973.361,4.32E-07,0.999999568
4973.362,4.34E-07,0.999999566
4973.363,4.36E-07,0.999999564
4973.364,4.37E-07,0.999999563
4973.365,4.39E-07,0.999999561
4973.366,4.41E-07,0.999999559
4973.367,4.43E-07,0.999999557
4973.368,4.44E-07,0.999999556
4973.369,4.46E-07,0.999999554
4973.37,4.48E-07,0.999999552
4973.371,4.50E-07,0.99999955
4973.372,4.52E-07,0.999999548
4973.373,4.54E-07,0.999999546
4973.374,4.55E-07,0.999999545
4973.375,4.57E-07,0.999999543
4973.376,4.59E-07,0.999999541
4973.377,4.61E-07,0.999999539
4973.378,4.63E-07,0.999999537
4973.379,4.65E-07,0.999999535
4973.38,4.67E-07,0.999999533
4973.381,4.69E-07,0.999999531
4973.382,4.71E-07,0.999999529
4973.383,4.73E-07,0.999999527
4973.384,4.75E-07,0.999999525
4973.385,4.77E-07,0.999999523
4973.386,4.79E-07,0.999999521
4973.387,4.81E-07,0.999999519
4973.388,4.83E-07,0.999999517
4973.389,4.85E-07,0.999999515
4973.39,4.87E-07,0.999999513
4973.391,4.89E-07,0.999999511
4973.392,4.91E-07,0.999999509
4973.393,4.93E-07,0.999999507
4973.394,4.95E-07,0.999999505
4973.395,4.97E-07,0.999999503
4973.396,4.99E-07,0.999999501
4973.397,5.02E-07,0.999999498
4973.398,5.04E-07,0.999999496
4973.399,5.06E-07,0.999999494
4973.4,5.08E-07,0.999999492
4973.401,5.10E-07,0.99999949
4973.402,5.12E-07,0.999999488
4973.403,5.15E-07,0.999999485
4973.404,5.17E-07,0.999999483
4973.405,5.19E-07,0.999999481
4973.406,5.21E-07,0.999999479
4973.407,5.24E-07,0.999999476
4973.408,5.26E-07,0.999999474
4973.409,5.28E-07,0.999999472
4973.41,5.31E-07,0.999999469
4973.411,5.33E-07,0.999999467
4973.412,5.35E-07,0.999999465
4973.413,5.38E-07,0.999999462
4973.414,5.40E-07,0.99999946
4973.415,5.43E-07,0.999999457
4973.416,5.45E-07,0.999999455
4973.417,5.48E-07,0.999999452
4973.418,5.50E-07,0.99999945
4973.419,5.52E-07,0.999999448
4973.42,5.55E-07,0.999999445
4973.421,5.57E-07,0.999999443
4973.422,5.60E-07,0.99999944
4973.423,5.63E-07,0.999999437
4973.424,5.65E-07,0.999999435
4973.425,5.68E-07,0.999999432
4973.426,5.70E-07,0.99999943
4973.427,5.73E-07,0.999999427
4973.428,5.76E-07,0.999999424
4973.429,5.78E-07,0.999999422
4973.43,5.81E-07,0.999999419
4973.431,5.84E-07,0.999999416
4973.432,5.86E-07,0.999999414
4973.433,5.89E-07,0.999999411
4973.434,5.92E-07,0.999999408
4973.435,5.95E-07,0.999999405
4973.436,5.97E-07,0.999999403
4973.437,6.00E-07,0.9999994
4973.438,6.03E-07,0.999999397
4973.439,6.06E-07,0.999999394
4973.44,6.09E-07,0.999999391
4973.441,6.12E-07,0.999999388
4973.442,6.14E-07,0.999999386
4973.443,6.17E-07,0.999999383
4973.444,6.20E-07,0.99999938
4973.445,6.23E-07,0.999999377
4973.446,6.26E-07,0.999999374
4973.447,6.29E-07,0.999999371
4973.448,6.32E-07,0.999999368
4973.449,6.35E-07,0.999999365
4973.45,6.39E-07,0.999999361
4973.451,6.42E-07,0.999999358
4973.452,6.45E-07,0.999999355
4973.453,6.48E-07,0.999999352
4973.454,6.51E-07,0.999999349
4973.455,6.54E-07,0.999999346
4973.456,6.57E-07,0.999999343
4973.457,6.61E-07,0.999999339
4973.458,6.64E-07,0.999999336
4973.459,6.67E-07,0.999999333
4973.46,6.71E-07,0.999999329
4973.461,6.74E-07,0.999999326
4973.462,6.77E-07,0.999999323
4973.463,6.81E-07,0.999999319
4973.464,6.84E-07,0.999999316
4973.465,6.88E-07,0.999999312
4973.466,6.91E-07,0.999999309
4973.467,6.95E-07,0.999999305
4973.468,6.98E-07,0.999999302
4973.469,7.02E-07,0.999999298
4973.47,7.05E-07,0.999999295
4973.471,7.09E-07,0.999999291
4973.472,7.12E-07,0.999999288
4973.473,7.16E-07,0.999999284
4973.474,7.20E-07,0.99999928
4973.475,7.23E-07,0.999999277
4973.476,7.27E-07,0.999999273
4973.477,7.31E-07,0.999999269
4973.478,7.35E-07,0.999999265
4973.479,7.39E-07,0.999999261
4973.48,7.42E-07,0.999999258
4973.481,7.46E-07,0.999999254
4973.482,7.50E-07,0.99999925
4973.483,7.54E-07,0.999999246
4973.484,7.58E-07,0.999999242
4973.485,7.62E-07,0.999999238
4973.486,7.66E-07,0.999999234
4973.487,7.70E-07,0.99999923
4973.488,7.75E-07,0.999999225
4973.489,7.79E-07,0.999999221
4973.49,7.83E-07,0.999999217
4973.491,7.87E-07,0.999999213
4973.492,7.91E-07,0.999999209
4973.493,7.96E-07,0.999999204
4973.494,8.00E-07,0.9999992
4973.495,8.04E-07,0.999999196
4973.496,8.09E-07,0.999999191
4973.497,8.13E-07,0.999999187
4973.498,8.18E-07,0.999999182
4973.499,8.22E-07,0.999999178
4973.5,8.27E-07,0.999999173
4973.501,8.31E-07,0.999999169
4973.502,8.36E-07,0.999999164
4973.503,8.40E-07,0.99999916
4973.504,8.45E-07,0.999999155
4973.505,8.50E-07,0.99999915
4973.506,8.55E-07,0.999999145
4973.507,8.59E-07,0.999999141
4973.508,8.64E-07,0.999999136
4973.509,8.69E-07,0.999999131
4973.51,8.74E-07,0.999999126
4973.511,8.79E-07,0.999999121
4973.512,8.84E-07,0.999999116
4973.513,8.89E-07,0.999999111
4973.514,8.94E-07,0.999999106
4973.515,8.99E-07,0.999999101
4973.516,9.05E-07,0.999999095
4973.517,9.10E-07,0.99999909
4973.518,9.15E-07,0.999999085
4973.519,9.20E-07,0.99999908
4973.52,9.26E-07,0.999999074
4973.521,9.31E-07,0.999999069
4973.522,9.37E-07,0.999999063
4973.523,9.42E-07,0.999999058
4973.524,9.48E-07,0.999999052
4973.525,9.53E-07,0.999999047
4973.526,9.59E-07,0.999999041
4973.527,9.65E-07,0.999999035
4973.528,9.71E-07,0.999999029
4973.529,9.76E-07,0.999999024
4973.53,9.82E-07,0.999999018
4973.531,9.88E-07,0.999999012
4973.532,9.94E-07,0.999999006
4973.533,1.00E-06,0.999999
4973.534,1.01E-06,0.999998994
4973.535,1.01E-06,0.999998988
4973.536,1.02E-06,0.999998981
4973.537,1.02E-06,0.999998975
4973.538,1.03E-06,0.999998969
4973.539,1.04E-06,0.999998962
4973.54,1.04E-06,0.999998956
4973.541,1.05E-06,0.99999895
4973.542,1.06E-06,0.999998943
4973.543,1.06E-06,0.999998936
4973.544,1.07E-06,0.99999893
4973.545,1.08E-06,0.999998923
4973.546,1.08E-06,0.999998916
4973.547,1.09E-06,0.999998909
4973.548,1.10E-06,0.999998902
4973.549,1.10E-06,0.999998895
4973.55,1.11E-06,0.999998888
4973.551,1.12E-06,0.999998881
4973.552,1.13E-06,0.999998874
4973.553,1.13E-06,0.999998867
4973.554,1.14E-06,0.999998859
4973.555,1.15E-06,0.999998852
4973.556,1.16E-06,0.999998844
4973.557,1.16E-06,0.999998837
4973.558,1.17E-06,0.999998829
4973.559,1.18E-06,0.999998821
4973.56,1.19E-06,0.999998814
4973.561,1.19E-06,0.999998806
4973.562,1.20E-06,0.999998798
4973.563,1.21E-06,0.99999879
4973.564,1.22E-06,0.999998782
4973.565,1.23E-06,0.999998773
4973.566,1.23E-06,0.999998765
4973.567,1.24E-06,0.999998757
4973.568,1.25E-06,0.999998748
4973.569,1.26E-06,0.99999874
4973.57,1.27E-06,0.999998731
4973.571,1.28E-06,0.999998723
4973.572,1.29E-06,0.999998714
4973.573,1.30E-06,0.999998705
4973.574,1.30E-06,0.999998696
4973.575,1.31E-06,0.999998687
4973.576,1.32E-06,0.999998678
4973.577,1.33E-06,0.999998668
4973.578,1.34E-06,0.999998659
4973.579,1.35E-06,0.999998649
4973.58,1.36E-06,0.99999864
4973.581,1.37E-06,0.99999863
4973.582,1.38E-06,0.99999862
4973.583,1.39E-06,0.999998611
4973.584,1.40E-06,0.999998601
4973.585,1.41E-06,0.999998591
4973.586,1.42E-06,0.99999858
4973.587,1.43E-06,0.99999857
4973.588,1.44E-06,0.99999856
4973.589,1.45E-06,0.999998549
4973.59,1.46E-06,0.999998538
4973.591,1.47E-06,0.999998528
4973.592,1.48E-06,0.999998517
4973.593,1.49E-06,0.999998506
4973.594,1.51E-06,0.999998495
4973.595,1.52E-06,0.999998483
4973.596,1.53E-06,0.999998472
4973.597,1.54E-06,0.99999846
4973.598,1.55E-06,0.999998449
4973.599,1.56E-06,0.999998437
4973.6,1.57E-06,0.999998425
4973.601,1.59E-06,0.999998413
4973.602,1.60E-06,0.999998401
4973.603,1.61E-06,0.999998389
4973.604,1.62E-06,0.999998376
4973.605,1.64E-06,0.999998363
4973.606,1.65E-06,0.999998351
4973.607,1.66E-06,0.999998338
4973.608,1.68E-06,0.999998325
4973.609,1.69E-06,0.999998312
4973.61,1.70E-06,0.999998298
4973.611,1.72E-06,0.999998285
4973.612,1.73E-06,0.999998271
4973.613,1.74E-06,0.999998257
4973.614,1.76E-06,0.999998243
4973.615,1.77E-06,0.999998229
4973.616,1.79E-06,0.999998214
4973.617,1.80E-06,0.9999982
4973.618,1.81E-06,0.999998185
4973.619,1.83E-06,0.99999817
4973.62,1.84E-06,0.999998155
4973.621,1.86E-06,0.99999814
4973.622,1.88E-06,0.999998124
4973.623,1.89E-06,0.999998109
4973.624,1.91E-06,0.999998093
4973.625,1.92E-06,0.999998077
4973.626,1.94E-06,0.999998061
4973.627,1.96E-06,0.999998044
4973.628,1.97E-06,0.999998027
4973.629,1.99E-06,0.99999801
4973.63,2.01E-06,0.999997993
4973.631,2.02E-06,0.999997976
4973.632,2.04E-06,0.999997958
4973.633,2.06E-06,0.999997941
4973.634,2.08E-06,0.999997923
4973.635,2.10E-06,0.999997904
4973.636,2.11E-06,0.999997886
4973.637,2.13E-06,0.999997867
4973.638,2.15E-06,0.999997848
4973.639,2.17E-06,0.999997829
4973.64,2.19E-06,0.999997809
4973.641,2.21E-06,0.999997789
4973.642,2.23E-06,0.999997769
4973.643,2.25E-06,0.999997749
4973.644,2.27E-06,0.999997728
4973.645,2.29E-06,0.999997708
4973.646,2.31E-06,0.999997686
4973.647,2.34E-06,0.999997665
4973.648,2.36E-06,0.999997643
4973.649,2.38E-06,0.999997621
4973.65,2.40E-06,0.999997599
4973.651,2.42E-06,0.999997576
4973.652,2.45E-06,0.999997553
4973.653,2.47E-06,0.999997529
4973.654,2.49E-06,0.999997506
4973.655,2.52E-06,0.999997482
4973.656,2.54E-06,0.999997457
4973.657,2.57E-06,0.999997432
4973.658,2.59E-06,0.999997407
4973.659,2.62E-06,0.999997382
4973.66,2.64E-06,0.999997356
4973.661,2.67E-06,0.99999733
4973.662,2.70E-06,0.999997303
4973.663,2.72E-06,0.999997276
4973.664,2.75E-06,0.999997249
4973.665,2.78E-06,0.999997221
4973.666,2.81E-06,0.999997192
4973.667,2.84E-06,0.999997164
4973.668,2.87E-06,0.999997134
4973.669,2.90E-06,0.999997105
4973.67,2.93E-06,0.999997075
4973.671,2.96E-06,0.999997044
4973.672,2.99E-06,0.999997013
4973.673,3.02E-06,0.999996982
4973.674,3.05E-06,0.999996949
4973.675,3.08E-06,0.999996917
4973.676,3.12E-06,0.999996884
4973.677,3.15E-06,0.99999685
4973.678,3.18E-06,0.999996816
4973.679,3.22E-06,0.999996781
4973.68,3.25E-06,0.999996746
4973.681,3.29E-06,0.99999671
4973.682,3.33E-06,0.999996674
4973.683,3.36E-06,0.999996637
4973.684,3.40E-06,0.999996599
4973.685,3.44E-06,0.99999656
4973.686,3.48E-06,0.999996521
4973.687,3.52E-06,0.999996482
4973.688,3.56E-06,0.999996441
4973.689,3.60E-06,0.9999964
4973.69,3.64E-06,0.999996359
4973.691,3.68E-06,0.999996316
4973.692,3.73E-06,0.999996273
4973.693,3.77E-06,0.999996229
4973.694,3.82E-06,0.999996184
4973.695,3.86E-06,0.999996138
4973.696,3.91E-06,0.999996092
4973.697,3.96E-06,0.999996045
4973.698,4.00E-06,0.999995997
4973.699,4.05E-06,0.999995948
4973.7,4.10E-06,0.999995898
4973.701,4.15E-06,0.999995847
4973.702,4.21E-06,0.999995795
4973.703,4.26E-06,0.999995742
4973.704,4.31E-06,0.999995688
4973.705,4.37E-06,0.999995634
4973.706,4.42E-06,0.999995578
4973.707,4.48E-06,0.999995521
4973.708,4.54E-06,0.999995463
4973.709,4.60E-06,0.999995403
4973.71,4.66E-06,0.999995343
4973.711,4.72E-06,0.999995282
4973.712,4.78E-06,0.999995219
4973.713,4.85E-06,0.999995155
4973.714,4.91E-06,0.999995089
4973.715,4.98E-06,0.999995023
4973.716,5.05E-06,0.999994955
4973.717,5.11E-06,0.999994885
4973.718,5.19E-06,0.999994814
4973.719,5.26E-06,0.999994742
4973.72,5.33E-06,0.999994668
4973.721,5.41E-06,0.999994593
4973.722,5.48E-06,0.999994516
4973.723,5.56E-06,0.999994437
4973.724,5.64E-06,0.999994356
4973.725,5.73E-06,0.999994274
4973.726,5.81E-06,0.99999419
4973.727,5.90E-06,0.999994104
4973.728,5.98E-06,0.999994016
4973.729,6.07E-06,0.999993927
4973.73,6.17E-06,0.999993835
4973.731,6.26E-06,0.999993741
4973.732,6.36E-06,0.999993645
4973.733,6.45E-06,0.999993546
4973.734,6.55E-06,0.999993446
4973.735,6.66E-06,0.999993343
4973.736,6.76E-06,0.999993237
4973.737,6.87E-06,0.999993129
4973.738,6.98E-06,0.999993019
4973.739,7.09E-06,0.999992906
4973.74,7.21E-06,0.999992789
4973.741,7.33E-06,0.999992671
4973.742,7.45E-06,0.999992549
4973.743,7.58E-06,0.999992424
4973.744,7.70E-06,0.999992296
4973.745,7.84E-06,0.999992164
4973.746,7.97E-06,0.999992029
4973.747,8.11E-06,0.999991891
4973.748,8.25E-06,0.999991749
4973.749,8.40E-06,0.999991603
4973.75,8.55E-06,0.999991454
4973.751,8.70E-06,0.9999913
4973.752,8.86E-06,0.999991142
4973.753,9.02E-06,0.99999098
4973.754,9.19E-06,0.999990813
4973.755,9.36E-06,0.999990642
4973.756,9.53E-06,0.999990466
4973.757,9.72E-06,0.999990284
4973.758,9.90E-06,0.999990098
4973.759,1.01E-05,0.999989906
4973.76,1.03E-05,0.999989708
4973.761,1.05E-05,0.999989505
4973.762,1.07E-05,0.999989296
4973.763,1.09E-05,0.99998908
4973.764,1.11E-05,0.999988857
4973.765,1.14E-05,0.999988628
4973.766,1.16E-05,0.999988391
4973.767,1.19E-05,0.999988148
4973.768,1.21E-05,0.999987896
4973.769,1.24E-05,0.999987636
4973.77,1.26E-05,0.999987368
4973.771,1.29E-05,0.999987091
4973.772,1.32E-05,0.999986804
4973.773,1.35E-05,0.999986508
4973.774,1.38E-05,0.999986202
4973.775,1.41E-05,0.999985885
4973.776,1.44E-05,0.999985558
4973.777,1.48E-05,0.999985218
4973.778,1.51E-05,0.999984867
4973.779,1.55E-05,0.999984503
4973.78,1.59E-05,0.999984125
4973.781,1.63E-05,0.999983734
4973.782,1.67E-05,0.999983328
4973.783,1.71E-05,0.999982906
4973.784,1.75E-05,0.999982468
4973.785,1.80E-05,0.999982013
4973.786,1.85E-05,0.99998154
4973.787,1.90E-05,0.999981048
4973.788,1.95E-05,0.999980537
4973.789,2.00E-05,0.999980004
4973.79,2.06E-05,0.999979449
4973.791,2.11E-05,0.99997887
4973.792,2.17E-05,0.999978267
4973.793,2.24E-05,0.999977637
4973.794,2.30E-05,0.999976979
4973.795,2.37E-05,0.999976292
4973.796,2.44E-05,0.999975573
4973.797,2.52E-05,0.999974822
4973.798,2.60E-05,0.999974035
4973.799,2.68E-05,0.99997321
4973.8,2.77E-05,0.999972345
4973.801,2.86E-05,0.999971438
4973.802,2.95E-05,0.999970485
4973.803,3.05E-05,0.999969483
4973.804,3.16E-05,0.99996843
4973.805,3.27E-05,0.99996732
4973.806,3.38E-05,0.999966151
4973.807,3.51E-05,0.999964918
4973.808,3.64E-05,0.999963616
4973.809,3.78E-05,0.999962239
4973.81,3.92E-05,0.999960783
4973.811,4.08E-05,0.99995924
4973.812,4.24E-05,0.999957604
4973.813,4.41E-05,0.999955866
4973.814,4.60E-05,0.99995402
4973.815,4.79E-05,0.999952054
4973.816,5.00E-05,0.999949958
4973.817,5.23E-05,0.999947721
4973.818,5.47E-05,0.99994533
4973.819,5.72E-05,0.999942769
4973.82,6.00E-05,0.999940023
4973.821,6.29E-05,0.999937073
4973.822,6.61E-05,0.999933897
4973.823,6.95E-05,0.999930474
4973.824,7.32E-05,0.999926774
4973.825,7.72E-05,0.999922768
4973.826,8.16E-05,0.999918421
4973.827,8.63E-05,0.999913692
4973.828,9.15E-05,0.999908534
4973.829,9.71E-05,0.999902894
4973.83,1.03E-04,0.999896708
4973.831,1.10E-04,0.999889903
4973.832,1.18E-04,0.999882391
4973.833,1.26E-04,0.99987407
4973.834,1.35E-04,0.999864816
4973.835,1.46E-04,0.999854481
4973.836,1.57E-04,0.999842887
4973.837,1.70E-04,0.999829814
4973.838,1.85E-04,0.999814989
4973.839,2.02E-04,0.999798078
4973.84,2.21E-04,0.999778652
4973.841,2.44E-04,0.999756161
4973.842,2.70E-04,0.999729883
4973.843,3.01E-04,0.999698847
4973.844,3.38E-04,0.999661694
4973.845,3.84E-04,0.999616433
4973.846,4.40E-04,0.999559945
4973.847,5.13E-04,0.99948698
4973.848,6.12E-04,0.999388064
4973.849,7.55E-04,0.999245237
4973.85,9.77E-04,0.999023743
4973.851,1.34E-03,0.998656979
4973.852,1.98E-03,0.998021971
4973.853,3.10E-03,0.996905378
4973.854,5.04E-03,0.994968276
4973.855,8.30E-03,0.991733362
4973.856,1.35E-02,0.98663479
4973.857,2.10E-02,0.979175714
4973.858,3.13E-02,0.969191641
4973.859,4.38E-02,0.957151078
4973.86,5.73E-02,0.944332929
4973.861,6.97E-02,0.932696335
4973.862,7.86E-02,0.924404969
4973.863,8.21E-02,0.921178734
4973.864,7.93E-02,0.923723929
4973.865,7.10E-02,0.931484437
4973.866,5.89E-02,0.942837391
4973.867,4.54E-02,0.955635671
4973.868,3.27E-02,0.967861439
4973.869,2.21E-02,0.97813686
4973.87,1.42E-02,0.985900034
4973.871,8.78E-03,0.991255567
4973.872,5.34E-03,0.994678033
4973.873,3.27E-03,0.996737528
4973.874,2.07E-03,0.997927359
4973.875,1.40E-03,0.998603483
4973.876,1.01E-03,0.998992435
4973.877,7.75E-04,0.99922576
4973.878,6.25E-04,0.999375022
4973.879,5.23E-04,0.999477617
4973.88,4.47E-04,0.999552838
4973.881,3.89E-04,0.999610818
4973.882,3.43E-04,0.999657131
4973.883,3.05E-04,0.999695064
4973.884,2.73E-04,0.9997267
4973.885,2.47E-04,0.99975345
4973.886,2.24E-04,0.999776321
4973.887,2.04E-04,0.999796056
4973.888,1.87E-04,0.999813223
4973.889,1.72E-04,0.999828261
4973.89,1.58E-04,0.999841514
4973.891,1.47E-04,0.99985326
4973.892,1.36E-04,0.999863725
4973.893,1.27E-04,0.999873091
4973.894,1.18E-04,0.999881509
4973.895,1.11E-04,0.999889105
4973.896,1.04E-04,0.999895984
4973.897,9.78E-05,0.999902235
4973.898,9.21E-05,0.999907933
4973.899,8.69E-05,0.999913141
4973.9,8.21E-05,0.999917915
4973.901,7.77E-05,0.999922303
4973.902,7.37E-05,0.999926345
4973.903,6.99E-05,0.999930077
4973.904,6.65E-05,0.99993353
4973.905,6.33E-05,0.999936731
4973.906,6.03E-05,0.999939706
4973.907,5.75E-05,0.999942473
4973.908,5.49E-05,0.999945054
4973.909,5.25E-05,0.999947463
4973.91,5.03E-05,0.999949717
4973.911,4.82E-05,0.999951827
4973.912,4.62E-05,0.999953807
4973.913,4.43E-05,0.999955667
4973.914,4.26E-05,0.999957416
4973.915,4.09E-05,0.999959063
4973.916,3.94E-05,0.999960616
4973.917,3.79E-05,0.999962081
4973.918,3.65E-05,0.999963466
4973.919,3.52E-05,0.999964777
4973.92,3.40E-05,0.999966017
4973.921,3.28E-05,0.999967194
4973.922,3.17E-05,0.999968309
4973.923,3.06E-05,0.999969369
4973.924,2.96E-05,0.999970376
4973.925,2.87E-05,0.999971334
4973.926,2.78E-05,0.999972247
4973.927,2.69E-05,0.999973116
4973.928,2.61E-05,0.999973945
4973.929,2.53E-05,0.999974736
4973.93,2.45E-05,0.999975491
4973.931,2.38E-05,0.999976214
4973.932,2.31E-05,0.999976904
4973.933,2.24E-05,0.999977565
4973.934,2.18E-05,0.999978198
4973.935,2.12E-05,0.999978804
4973.936,2.06E-05,0.999979386
4973.937,2.01E-05,0.999979943
4973.938,1.95E-05,0.999980478
4973.939,1.90E-05,0.999980993
4973.94,1.85E-05,0.999981486
4973.941,1.80E-05,0.999981961
4973.942,1.76E-05,0.999982418
4973.943,1.71E-05,0.999982858
4973.944,1.67E-05,0.999983282
4973.945,1.63E-05,0.999983689
4973.946,1.59E-05,0.999984082
4973.947,1.55E-05,0.999984461
4973.948,1.52E-05,0.999984827
4973.949,1.48E-05,0.99998518
4973.95,1.45E-05,0.99998552
4973.951,1.42E-05,0.999985849
4973.952,1.38E-05,0.999986167
4973.953,1.35E-05,0.999986475
4973.954,1.32E-05,0.999986772
4973.955,1.29E-05,0.999987059
4973.956,1.27E-05,0.999987337
4973.957,1.24E-05,0.999987607
4973.958,1.21E-05,0.999987867
4973.959,1.19E-05,0.99998812
4973.96,1.16E-05,0.999988365
4973.961,1.14E-05,0.999988602
4973.962,1.12E-05,0.999988832
4973.963,1.09E-05,0.999989055
4973.964,1.07E-05,0.999989272
4973.965,1.05E-05,0.999989482
4973.966,1.03E-05,0.999989686
4973.967,1.01E-05,0.999989884
4973.968,9.92E-06,0.999990077
4973.969,9.74E-06,0.999990264
4973.97,9.55E-06,0.999990446
4973.971,9.38E-06,0.999990622
4973.972,9.21E-06,0.999990794
4973.973,9.04E-06,0.999990962
4973.974,8.88E-06,0.999991124
4973.975,8.72E-06,0.999991283
4973.976,8.56E-06,0.999991437
4973.977,8.41E-06,0.999991587
4973.978,8.27E-06,0.999991733
4973.979,8.12E-06,0.999991875
4973.98,7.99E-06,0.999992014
4973.981,7.85E-06,0.999992149
4973.982,7.72E-06,0.999992281
4973.983,7.59E-06,0.99999241
4973.984,7.47E-06,0.999992535
4973.985,7.34E-06,0.999992657
4973.986,7.22E-06,0.999992776
4973.987,7.11E-06,0.999992893
4973.988,6.99E-06,0.999993006
4973.989,6.88E-06,0.999993117
4973.99,6.77E-06,0.999993225
4973.991,6.67E-06,0.999993331
4973.992,6.57E-06,0.999993434
4973.993,6.46E-06,0.999993535
4973.994,6.37E-06,0.999993634
4973.995,6.27E-06,0.99999373
4973.996,6.18E-06,0.999993824
4973.997,6.08E-06,0.999993917
4973.998,5.99E-06,0.999994007
4973.999,5.91E-06,0.999994095
4974,5.82E-06,0.999994181
4974.001,5.74E-06,0.999994265
4974.002,5.65E-06,0.999994347
4974.003,5.57E-06,0.999994428
4974.004,5.49E-06,0.999994507
4974.005,5.42E-06,0.999994584
4974.006,5.34E-06,0.99999466
4974.007,5.27E-06,0.999994734
4974.008,5.19E-06,0.999994806
4974.009,5.12E-06,0.999994877
4974.01,5.05E-06,0.999994947
4974.011,4.98E-06,0.999995015
4974.012,4.92E-06,0.999995082
4974.013,4.85E-06,0.999995148
4974.014,4.79E-06,0.999995212
4974.015,4.73E-06,0.999995275
4974.016,4.66E-06,0.999995336
4974.017,4.60E-06,0.999995397
4974.018,4.54E-06,0.999995456
4974.019,4.49E-06,0.999995514
4974.02,4.43E-06,0.999995571
4974.021,4.37E-06,0.999995627
4974.022,4.32E-06,0.999995682
4974.023,4.26E-06,0.999995736
4974.024,4.21E-06,0.999995789
4974.025,4.16E-06,0.999995841
4974.026,4.11E-06,0.999995892
4974.027,4.06E-06,0.999995942
4974.028,4.01E-06,0.999995991
4974.029,3.96E-06,0.999996039
4974.03,3.91E-06,0.999996087
4974.031,3.87E-06,0.999996133
4974.032,3.82E-06,0.999996179
4974.033,3.78E-06,0.999996224
4974.034,3.73E-06,0.999996268
4974.035,3.69E-06,0.999996311
4974.036,3.65E-06,0.999996354
4974.037,3.60E-06,0.999996396
4974.038,3.56E-06,0.999996437
4974.039,3.52E-06,0.999996477
4974.04,3.48E-06,0.999996517
4974.041,3.44E-06,0.999996556
4974.042,3.41E-06,0.999996595
4974.043,3.37E-06,0.999996632
4974.044,3.33E-06,0.99999667
4974.045,3.29E-06,0.999996706
4974.046,3.26E-06,0.999996742
4974.047,3.22E-06,0.999996777
4974.048,3.19E-06,0.999996812
4974.049,3.15E-06,0.999996846
4974.05,3.12E-06,0.99999688
4974.051,3.09E-06,0.999996913
4974.052,3.05E-06,0.999996946
4974.053,3.02E-06,0.999996978
4974.054,2.99E-06,0.99999701
4974.055,2.96E-06,0.999997041
4974.056,2.93E-06,0.999997071
4974.057,2.90E-06,0.999997101
4974.058,2.87E-06,0.999997131
4974.059,2.84E-06,0.99999716
4974.06,2.81E-06,0.999997189
4974.061,2.78E-06,0.999997218
4974.062,2.75E-06,0.999997245
4974.063,2.73E-06,0.999997273
4974.064,2.70E-06,0.9999973
4974.065,2.67E-06,0.999997327
4974.066,2.65E-06,0.999997353
4974.067,2.62E-06,0.999997379
4974.068,2.60E-06,0.999997405
4974.069,2.57E-06,0.99999743
4974.07,2.55E-06,0.999997455
4974.071,2.52E-06,0.999997479
4974.072,2.50E-06,0.999997503
4974.073,2.47E-06,0.999997527
4974.074,2.45E-06,0.99999755
4974.075,2.43E-06,0.999997573
4974.076,2.40E-06,0.999997596
4974.077,2.38E-06,0.999997618
4974.078,2.36E-06,0.999997641
4974.079,2.34E-06,0.999997662
4974.08,2.32E-06,0.999997684
4974.081,2.29E-06,0.999997705
4974.082,2.27E-06,0.999997726
4974.083,2.25E-06,0.999997747
4974.084,2.23E-06,0.999997767
4974.085,2.21E-06,0.999997787
4974.086,2.19E-06,0.999997807
4974.087,2.17E-06,0.999997827
4974.088,2.15E-06,0.999997846
4974.089,2.14E-06,0.999997865
4974.09,2.12E-06,0.999997884
4974.091,2.10E-06,0.999997902
4974.092,2.08E-06,0.999997921
4974.093,2.06E-06,0.999997939
4974.094,2.04E-06,0.999997956
4974.095,2.03E-06,0.999997974
4974.096,2.01E-06,0.999997991
4974.097,1.99E-06,0.999998009
4974.098,1.97E-06,0.999998025
4974.099,1.96E-06,0.999998042
4974.1,1.94E-06,0.999998059
4974.101,1.93E-06,0.999998075
4974.102,1.91E-06,0.999998091
4974.103,1.89E-06,0.999998107
4974.104,1.88E-06,0.999998123
4974.105,1.86E-06,0.999998138
4974.106,1.85E-06,0.999998153
4974.107,1.83E-06,0.999998169
4974.108,1.82E-06,0.999998183
4974.109,1.80E-06,0.999998198
4974.11,1.79E-06,0.999998213
4974.111,1.77E-06,0.999998227
4974.112,1.76E-06,0.999998241
4974.113,1.74E-06,0.999998255
4974.114,1.73E-06,0.999998269
4974.115,1.72E-06,0.999998283
4974.116,1.70E-06,0.999998297
4974.117,1.69E-06,0.99999831
4974.118,1.68E-06,0.999998323
4974.119,1.66E-06,0.999998336
4974.12,1.65E-06,0.999998349
4974.121,1.64E-06,0.999998362
4974.122,1.63E-06,0.999998375
4974.123,1.61E-06,0.999998387
4974.124,1.60E-06,0.9999984
4974.125,1.59E-06,0.999998412
4974.126,1.58E-06,0.999998424
4974.127,1.56E-06,0.999998436
4974.128,1.55E-06,0.999998448
4974.129,1.54E-06,0.999998459
4974.13,1.53E-06,0.999998471
4974.131,1.52E-06,0.999998482
4974.132,1.51E-06,0.999998493
4974.133,1.50E-06,0.999998505
4974.134,1.48E-06,0.999998516
4974.135,1.47E-06,0.999998526
4974.136,1.46E-06,0.999998537
4974.137,1.45E-06,0.999998548
4974.138,1.44E-06,0.999998558
4974.139,1.43E-06,0.999998569
4974.14,1.42E-06,0.999998579
4974.141,1.41E-06,0.999998589
4974.142,1.40E-06,0.9999986
4974.143,1.39E-06,0.99999861
4974.144,1.38E-06,0.999998619
4974.145,1.37E-06,0.999998629
4974.146,1.36E-06,0.999998639
4974.147,1.35E-06,0.999998648
4974.148,1.34E-06,0.999998658
4974.149,1.33E-06,0.999998667
4974.15,1.32E-06,0.999998677
4974.151,1.31E-06,0.999998686
4974.152,1.31E-06,0.999998695
4974.153,1.30E-06,0.999998704
4974.154,1.29E-06,0.999998713
4974.155,1.28E-06,0.999998722
4974.156,1.27E-06,0.99999873
4974.157,1.26E-06,0.999998739
4974.158,1.25E-06,0.999998747
4974.159,1.24E-06,0.999998756
4974.16,1.24E-06,0.999998764
4974.161,1.23E-06,0.999998773
4974.162,1.22E-06,0.999998781
4974.163,1.21E-06,0.999998789
4974.164,1.20E-06,0.999998797
4974.165,1.20E-06,0.999998805
4974.166,1.19E-06,0.999998813
4974.167,1.18E-06,0.999998821
4974.168,1.17E-06,0.999998828
4974.169,1.16E-06,0.999998836
4974.17,1.16E-06,0.999998843
4974.171,1.15E-06,0.999998851
4974.172,1.14E-06,0.999998858
4974.173,1.13E-06,0.999998866
4974.174,1.13E-06,0.999998873
4974.175,1.12E-06,0.99999888
4974.176,1.11E-06,0.999998887
4974.177,1.11E-06,0.999998894
4974.178,1.10E-06,0.999998902
4974.179,1.09E-06,0.999998908
4974.18,1.08E-06,0.999998915
4974.181,1.08E-06,0.999998922
4974.182,1.07E-06,0.999998929
4974.183,1.06E-06,0.999998936
4974.184,1.06E-06,0.999998942
4974.185,1.05E-06,0.999998949
4974.186,1.04E-06,0.999998955
4974.187,1.04E-06,0.999998962
4974.188,1.03E-06,0.999998968
4974.189,1.03E-06,0.999998974
4974.19,1.02E-06,0.999998981
4974.191,1.01E-06,0.999998987
4974.192,1.01E-06,0.999998993
4974.193,1.00E-06,0.999998999
4974.194,9.95E-07,0.999999005
4974.195,9.89E-07,0.999999011
4974.196,9.83E-07,0.999999017
4974.197,9.77E-07,0.999999023
4974.198,9.71E-07,0.999999029
4974.199,9.65E-07,0.999999035
4974.2,9.60E-07,0.99999904
4974.201,9.54E-07,0.999999046
4974.202,9.48E-07,0.999999052
4974.203,9.43E-07,0.999999057
4974.204,9.37E-07,0.999999063
4974.205,9.32E-07,0.999999068
4974.206,9.26E-07,0.999999074
4974.207,9.21E-07,0.999999079
4974.208,9.16E-07,0.999999084
4974.209,9.10E-07,0.99999909
4974.21,9.05E-07,0.999999095
4974.211,9.00E-07,0.9999991
4974.212,8.95E-07,0.999999105
4974.213,8.90E-07,0.99999911
4974.214,8.85E-07,0.999999115
4974.215,8.80E-07,0.99999912
4974.216,8.75E-07,0.999999125
4974.217,8.70E-07,0.99999913
4974.218,8.65E-07,0.999999135
4974.219,8.60E-07,0.99999914
4974.22,8.55E-07,0.999999145
4974.221,8.50E-07,0.99999915
4974.222,8.46E-07,0.999999154
4974.223,8.41E-07,0.999999159
4974.224,8.36E-07,0.999999164
4974.225,8.32E-07,0.999999168
4974.226,8.27E-07,0.999999173
4974.227,8.23E-07,0.999999177
4974.228,8.18E-07,0.999999182
4974.229,8.14E-07,0.999999186
4974.23,8.09E-07,0.999999191
4974.231,8.05E-07,0.999999195
4974.232,8.00E-07,0.9999992
4974.233,7.96E-07,0.999999204
4974.234,7.92E-07,0.999999208
4974.235,7.88E-07,0.999999212
4974.236,7.83E-07,0.999999217
4974.237,7.79E-07,0.999999221
4974.238,7.75E-07,0.999999225
4974.239,7.71E-07,0.999999229
4974.24,7.67E-07,0.999999233
4974.241,7.63E-07,0.999999237
4974.242,7.59E-07,0.999999241
4974.243,7.55E-07,0.999999245
4974.244,7.51E-07,0.999999249
4974.245,7.47E-07,0.999999253
4974.246,7.43E-07,0.999999257
4974.247,7.39E-07,0.999999261
4974.248,7.35E-07,0.999999265
4974.249,7.31E-07,0.999999269
4974.25,7.28E-07,0.999999272
4974.251,7.24E-07,0.999999276
4974.252,7.20E-07,0.99999928
4974.253,7.16E-07,0.999999284
4974.254,7.13E-07,0.999999287
4974.255,7.09E-07,0.999999291
4974.256,7.06E-07,0.999999294
4974.257,7.02E-07,0.999999298
4974.258,6.98E-07,0.999999302
4974.259,6.95E-07,0.999999305
4974.26,6.91E-07,0.999999309
4974.261,6.88E-07,0.999999312
4974.262,6.85E-07,0.999999315
4974.263,6.81E-07,0.999999319
4974.264,6.78E-07,0.999999322
4974.265,6.74E-07,0.999999326
4974.266,6.71E-07,0.999999329
4974.267,6.68E-07,0.999999332
4974.268,6.64E-07,0.999999336
4974.269,6.61E-07,0.999999339
4974.27,6.58E-07,0.999999342
4974.271,6.55E-07,0.999999345
4974.272,6.51E-07,0.999999349
4974.273,6.48E-07,0.999999352
4974.274,6.45E-07,0.999999355
4974.275,6.42E-07,0.999999358
4974.276,6.39E-07,0.999999361
4974.277,6.36E-07,0.999999364
4974.278,6.33E-07,0.999999367
4974.279,6.30E-07,0.99999937
4974.28,6.27E-07,0.999999373
4974.281,6.24E-07,0.999999376
4974.282,6.21E-07,0.999999379
4974.283,6.18E-07,0.999999382
4974.284,6.15E-07,0.999999385
4974.285,6.12E-07,0.999999388
4974.286,6.09E-07,0.999999391
4974.287,6.06E-07,0.999999394
4974.288,6.03E-07,0.999999397
4974.289,6.00E-07,0.9999994
4974.29,5.98E-07,0.999999402
4974.291,5.95E-07,0.999999405
4974.292,5.92E-07,0.999999408
4974.293,5.89E-07,0.999999411
4974.294,5.87E-07,0.999999413
4974.295,5.84E-07,0.999999416
4974.296,5.81E-07,0.999999419
4974.297,5.79E-07,0.999999421
4974.298,5.76E-07,0.999999424
4974.299,5.73E-07,0.999999427
4974.3,5.71E-07,0.999999429
4974.301,5.68E-07,0.999999432
4974.302,5.65E-07,0.999999435
4974.303,5.63E-07,0.999999437
4974.304,5.60E-07,0.99999944
4974.305,5.58E-07,0.999999442
4974.306,5.55E-07,0.999999445
4974.307,5.53E-07,0.999999447
4974.308,5.50E-07,0.99999945
4974.309,5.48E-07,0.999999452
4974.31,5.45E-07,0.999999455
4974.311,5.43E-07,0.999999457
4974.312,5.41E-07,0.999999459
4974.313,5.38E-07,0.999999462
4974.314,5.36E-07,0.999999464
4974.315,5.33E-07,0.999999467
4974.316,5.31E-07,0.999999469
4974.317,5.29E-07,0.999999471
4974.318,5.26E-07,0.999999474
4974.319,5.24E-07,0.999999476
4974.32,5.22E-07,0.999999478
4974.321,5.19E-07,0.999999481
4974.322,5.17E-07,0.999999483
4974.323,5.15E-07,0.999999485
4974.324,5.13E-07,0.999999487
4974.325,5.11E-07,0.999999489
4974.326,5.08E-07,0.999999492
4974.327,5.06E-07,0.999999494
4974.328,5.04E-07,0.999999496
4974.329,5.02E-07,0.999999498
4974.33,5.00E-07,0.9999995
4974.331,4.97E-07,0.999999503
4974.332,4.95E-07,0.999999505
4974.333,4.93E-07,0.999999507
4974.334,4.91E-07,0.999999509
4974.335,4.89E-07,0.999999511
4974.336,4.87E-07,0.999999513
4974.337,4.85E-07,0.999999515
4974.338,4.83E-07,0.999999517
4974.339,4.81E-07,0.999999519
4974.34,4.79E-07,0.999999521
4974.341,4.77E-07,0.999999523
4974.342,4.75E-07,0.999999525
4974.343,4.73E-07,0.999999527
4974.344,4.71E-07,0.999999529
4974.345,4.69E-07,0.999999531
4974.346,4.67E-07,0.999999533
4974.347,4.65E-07,0.999999535
4974.348,4.63E-07,0.999999537
4974.349,4.61E-07,0.999999539
4974.35,4.59E-07,0.999999541
4974.351,4.58E-07,0.999999542
4974.352,4.56E-07,0.999999544
4974.353,4.54E-07,0.999999546
4974.354,4.52E-07,0.999999548
4974.355,4.50E-07,0.99999955
4974.356,4.48E-07,0.999999552
4974.357,4.46E-07,0.999999554
4974.358,4.45E-07,0.999999555
4974.359,4.43E-07,0.999999557
4974.36,4.41E-07,0.999999559
4974.361,4.39E-07,0.999999561
4974.362,4.38E-07,0.999999562
4974.363,4.36E-07,0.999999564
4974.364,4.34E-07,0.999999566
4974.365,4.32E-07,0.999999568
4974.366,4.31E-07,0.999999569
4974.367,4.29E-07,0.999999571
4974.368,4.27E-07,0.999999573
4974.369,4.26E-07,0.999999574
4974.37,4.24E-07,0.999999576
4974.371,4.22E-07,0.999999578
4974.372,4.21E-07,0.999999579
4974.373,4.19E-07,0.999999581
4974.374,4.17E-07,0.999999583
4974.375,4.16E-07,0.999999584
4974.376,4.14E-07,0.999999586
4974.377,4.12E-07,0.999999588
4974.378,4.11E-07,0.999999589
4974.379,4.09E-07,0.999999591
4974.38,4.08E-07,0.999999592
4974.381,4.06E-07,0.999999594
4974.382,4.05E-07,0.999999595
4974.383,4.03E-07,0.999999597
4974.384,4.01E-07,0.999999599
4974.385,4.00E-07,0.9999996
4974.386,3.98E-07,0.999999602
4974.387,3.97E-07,0.999999603
4974.388,3.95E-07,0.999999605
4974.389,3.94E-07,0.999999606
4974.39,3.92E-07,0.999999608
4974.391,3.91E-07,0.999999609
4974.392,3.89E-07,0.999999611
4974.393,3.88E-07,0.999999612
4974.394,3.86E-07,0.999999614
4974.395,3.85E-07,0.999999615
4974.396,3.84E-07,0.999999616
4974.397,3.82E-07,0.999999618
4974.398,3.81E-07,0.999999619
4974.399,3.79E-07,0.999999621
4974.4,3.78E-07,0.999999622
4974.401,3.76E-07,0.999999624
4974.402,3.75E-07,0.999999625
4974.403,3.74E-07,0.999999626
4974.404,3.72E-07,0.999999628
4974.405,3.71E-07,0.999999629
4974.406,3.70E-07,0.99999963
4974.407,3.68E-07,0.999999632
4974.408,3.67E-07,0.999999633
4974.409,3.65E-07,0.999999635
4974.41,3.64E-07,0.999999636
4974.411,3.63E-07,0.999999637
4974.412,3.61E-07,0.999999639
4974.413,3.60E-07,0.99999964
4974.414,3.59E-07,0.999999641
4974.415,3.58E-07,0.999999642
4974.416,3.56E-07,0.999999644
4974.417,3.55E-07,0.999999645
4974.418,3.54E-07,0.999999646
4974.419,3.52E-07,0.999999648
4974.42,3.51E-07,0.999999649
4974.421,3.50E-07,0.99999965
4974.422,3.49E-07,0.999999651
4974.423,3.47E-07,0.999999653
4974.424,3.46E-07,0.999999654
4974.425,3.45E-07,0.999999655
4974.426,3.44E-07,0.999999656
4974.427,3.43E-07,0.999999657
4974.428,3.41E-07,0.999999659
4974.429,3.40E-07,0.99999966
4974.43,3.39E-07,0.999999661
4974.431,3.38E-07,0.999999662
4974.432,3.37E-07,0.999999663
4974.433,3.35E-07,0.999999665
4974.434,3.34E-07,0.999999666
4974.435,3.33E-07,0.999999667
4974.436,3.32E-07,0.999999668
4974.437,3.31E-07,0.999999669
4974.438,3.30E-07,0.99999967
4974.439,3.28E-07,0.999999672
4974.44,3.27E-07,0.999999673
4974.441,3.26E-07,0.999999674
4974.442,3.25E-07,0.999999675
4974.443,3.24E-07,0.999999676
4974.444,3.23E-07,0.999999677
4974.445,3.22E-07,0.999999678
4974.446,3.21E-07,0.999999679
4974.447,3.19E-07,0.999999681
4974.448,3.18E-07,0.999999682
4974.449,3.17E-07,0.999999683
4974.45,3.16E-07,0.999999684
4974.451,3.15E-07,0.999999685
4974.452,3.14E-07,0.999999686
4974.453,3.13E-07,0.999999687
4974.454,3.12E-07,0.999999688
4974.455,3.11E-07,0.999999689
4974.456,3.10E-07,0.99999969
4974.457,3.09E-07,0.999999691
4974.458,3.08E-07,0.999999692
4974.459,3.07E-07,0.999999693
4974.46,3.06E-07,0.999999694
4974.461,3.05E-07,0.999999695
4974.462,3.04E-07,0.999999696
4974.463,3.03E-07,0.999999697
4974.464,3.02E-07,0.999999698
4974.465,3.01E-07,0.999999699
4974.466,3.00E-07,0.9999997
4974.467,2.99E-07,0.999999701
4974.468,2.98E-07,0.999999702
4974.469,2.97E-07,0.999999703
4974.47,2.96E-07,0.999999704
4974.471,2.95E-07,0.999999705
4974.472,2.94E-07,0.999999706
4974.473,2.93E-07,0.999999707
4974.474,2.92E-07,0.999999708
4974.475,2.91E-07,0.999999709
4974.476,2.90E-07,0.99999971
4974.477,2.89E-07,0.999999711
4974.478,2.88E-07,0.999999712
4974.479,2.87E-07,0.999999713
4974.48,2.86E-07,0.999999714
4974.481,2.85E-07,0.999999715
4974.482,2.84E-07,0.999999716
4974.483,2.83E-07,0.999999717
4974.484,2.83E-07,0.999999717
4974.485,2.82E-07,0.999999718
4974.486,2.81E-07,0.999999719
4974.487,2.80E-07,0.99999972
4974.488,2.79E-07,0.999999721
4974.489,2.78E-07,0.999999722
4974.49,2.77E-07,0.999999723
4974.491,2.76E-07,0.999999724
4974.492,2.75E-07,0.999999725
4974.493,2.74E-07,0.999999726
4974.494,2.74E-07,0.999999726
4974.495,2.73E-07,0.999999727
4974.496,2.72E-07,0.999999728
4974.497,2.71E-07,0.999999729
4974.498,2.70E-07,0.99999973
4974.499,2.69E-07,0.999999731
4974.5,2.68E-07,0.999999732
4974.501,2.68E-07,0.999999732
4974.502,2.67E-07,0.999999733
4974.503,2.66E-07,0.999999734
4974.504,2.65E-07,0.999999735
4974.505,2.64E-07,0.999999736
4974.506,2.64E-07,0.999999736
4974.507,2.63E-07,0.999999737
4974.508,2.62E-07,0.999999738
4974.509,2.61E-07,0.999999739
4974.51,2.60E-07,0.99999974
4974.511,2.59E-07,0.999999741
4974.512,2.59E-07,0.999999741
4974.513,2.58E-07,0.999999742
4974.514,2.57E-07,0.999999743
4974.515,2.56E-07,0.999999744
4974.516,2.55E-07,0.999999745
4974.517,2.55E-07,0.999999745
4974.518,2.54E-07,0.999999746
4974.519,2.53E-07,0.999999747
4974.52,2.52E-07,0.999999748
4974.521,2.52E-07,0.999999748
4974.522,2.51E-07,0.999999749
4974.523,2.50E-07,0.99999975
4974.524,2.49E-07,0.999999751
4974.525,2.49E-07,0.999999751
4974.526,2.48E-07,0.999999752
4974.527,2.47E-07,0.999999753
4974.528,2.46E-07,0.999999754
4974.529,2.46E-07,0.999999754
4974.53,2.45E-07,0.999999755
4974.531,2.44E-07,0.999999756
4974.532,2.43E-07,0.999999757
4974.533,2.43E-07,0.999999757
4974.534,2.42E-07,0.999999758
4974.535,2.41E-07,0.999999759
4974.536,2.41E-07,0.999999759
4974.537,2.40E-07,0.99999976
4974.538,2.39E-07,0.999999761
4974.539,2.38E-07,0.999999762
4974.54,2.38E-07,0.999999762
4974.541,2.37E-07,0.999999763
4974.542,2.36E-07,0.999999764
4974.543,2.36E-07,0.999999764
4974.544,2.35E-07,0.999999765
4974.545,2.34E-07,0.999999766
4974.546,2.34E-07,0.999999766
4974.547,2.33E-07,0.999999767
4974.548,2.32E-07,0.999999768
4974.549,2.32E-07,0.999999768
4974.55,2.31E-07,0.999999769
4974.551,2.30E-07,0.99999977
4974.552,2.29E-07,0.999999771
4974.553,2.29E-07,0.999999771
4974.554,2.28E-07,0.999999772
4974.555,2.28E-07,0.999999772
4974.556,2.27E-07,0.999999773
4974.557,2.26E-07,0.999999774
4974.558,2.26E-07,0.999999774
4974.559,2.25E-07,0.999999775
4974.56,2.24E-07,0.999999776
4974.561,2.24E-07,0.999999776
4974.562,2.23E-07,0.999999777
4974.563,2.22E-07,0.999999778
4974.564,2.22E-07,0.999999778
4974.565,2.21E-07,0.999999779
4974.566,2.20E-07,0.99999978
4974.567,2.20E-07,0.99999978
4974.568,2.19E-07,0.999999781
4974.569,2.19E-07,0.999999781
4974.57,2.18E-07,0.999999782
4974.571,2.17E-07,0.999999783
4974.572,2.17E-07,0.999999783
4974.573,2.16E-07,0.999999784
4974.574,2.16E-07,0.999999784
4974.575,2.15E-07,0.999999785
4974.576,2.14E-07,0.999999786
4974.577,2.14E-07,0.999999786
4974.578,2.13E-07,0.999999787
4974.579,2.13E-07,0.999999787
4974.58,2.12E-07,0.999999788
4974.581,2.11E-07,0.999999789
4974.582,2.11E-07,0.999999789
4974.583,2.10E-07,0.99999979
4974.584,2.10E-07,0.99999979
4974.585,2.09E-07,0.999999791
4974.586,2.08E-07,0.999999792
4974.587,2.08E-07,0.999999792
4974.588,2.07E-07,0.999999793
4974.589,2.07E-07,0.999999793
4974.59,2.06E-07,0.999999794
4974.591,2.06E-07,0.999999794
4974.592,2.05E-07,0.999999795
4974.593,2.04E-07,0.999999796
4974.594,2.04E-07,0.999999796
4974.595,2.03E-07,0.999999797
4974.596,2.03E-07,0.999999797
4974.597,2.02E-07,0.999999798
4974.598,2.02E-07,0.999999798
4974.599,2.01E-07,0.999999799
4974.6,2.01E-07,0.999999799
4974.601,2.00E-07,0.9999998
4974.602,1.99E-07,0.999999801
4974.603,1.99E-07,0.999999801
4974.604,1.98E-07,0.999999802
4974.605,1.98E-07,0.999999802
4974.606,1.97E-07,0.999999803
4974.607,1.97E-07,0.999999803
4974.608,1.96E-07,0.999999804
4974.609,1.96E-07,0.999999804
4974.61,1.95E-07,0.999999805
4974.611,1.95E-07,0.999999805
4974.612,1.94E-07,0.999999806
4974.613,1.94E-07,0.999999806
4974.614,1.93E-07,0.999999807
4974.615,1.93E-07,0.999999807
4974.616,1.92E-07,0.999999808
4974.617,1.92E-07,0.999999808
4974.618,1.91E-07,0.999999809
4974.619,1.91E-07,0.999999809
4974.62,1.90E-07,0.99999981
4974.621,1.90E-07,0.99999981
4974.622,1.89E-07,0.999999811
4974.623,1.89E-07,0.999999811
4974.624,1.88E-07,0.999999812
4974.625,1.88E-07,0.999999812
4974.626,1.87E-07,0.999999813
4974.627,1.87E-07,0.999999813
4974.628,1.86E-07,0.999999814
4974.629,1.86E-07,0.999999814
4974.63,1.85E-07,0.999999815
4974.631,1.85E-07,0.999999815
4974.632,1.84E-07,0.999999816
4974.633,1.84E-07,0.999999816
4974.634,1.83E-07,0.999999817
4974.635,1.83E-07,0.999999817
4974.636,1.82E-07,0.999999818
4974.637,1.82E-07,0.999999818
4974.638,1.81E-07,0.999999819
4974.639,1.81E-07,0.999999819
4974.64,1.80E-07,0.99999982
4974.641,1.80E-07,0.99999982
4974.642,1.80E-07,0.99999982
4974.643,1.79E-07,0.999999821
4974.644,1.79E-07,0.999999821
4974.645,1.78E-07,0.999999822
4974.646,1.78E-07,0.999999822
4974.647,1.77E-07,0.999999823
4974.648,1.77E-07,0.999999823
4974.649,1.76E-07,0.999999824
4974.65,1.76E-07,0.999999824
4974.651,1.75E-07,0.999999825
4974.652,1.75E-07,0.999999825
4974.653,1.75E-07,0.999999825
4974.654,1.74E-07,0.999999826
4974.655,1.74E-07,0.999999826
4974.656,1.73E-07,0.999999827
4974.657,1.73E-07,0.999999827
4974.658,1.72E-07,0.999999828
4974.659,1.72E-07,0.999999828
4974.66,1.72E-07,0.999999828
4974.661,1.71E-07,0.999999829
4974.662,1.71E-07,0.999999829
4974.663,1.70E-07,0.99999983
4974.664,1.70E-07,0.99999983
4974.665,1.69E-07,0.999999831
4974.666,1.69E-07,0.999999831
4974.667,1.69E-07,0.999999831
4974.668,1.68E-07,0.999999832
4974.669,1.68E-07,0.999999832
4974.67,1.67E-07,0.999999833
4974.671,1.67E-07,0.999999833
4974.672,1.66E-07,0.999999834
4974.673,1.66E-07,0.999999834
4974.674,1.66E-07,0.999999834
4974.675,1.65E-07,0.999999835
4974.676,1.65E-07,0.999999835
4974.677,1.64E-07,0.999999836
4974.678,1.64E-07,0.999999836
4974.679,1.64E-07,0.999999836
4974.68,1.63E-07,0.999999837
4974.681,1.63E-07,0.999999837
4974.682,1.62E-07,0.999999838
4974.683,1.62E-07,0.999999838
4974.684,1.62E-07,0.999999838
4974.685,1.61E-07,0.999999839
4974.686,1.61E-07,0.999999839
4974.687,1.60E-07,0.99999984
4974.688,1.60E-07,0.99999984
4974.689,1.60E-07,0.99999984
4974.69,1.59E-07,0.999999841
4974.691,1.59E-07,0.999999841
4974.692,1.59E-07,0.999999841
4974.693,1.58E-07,0.999999842
4974.694,1.58E-07,0.999999842
4974.695,1.57E-07,0.999999843
4974.696,1.57E-07,0.999999843
4974.697,1.57E-07,0.999999843
4974.698,1.56E-07,0.999999844
4974.699,1.56E-07,0.999999844
4974.7,1.56E-07,0.999999844
4974.701,1.55E-07,0.999999845
4974.702,1.55E-07,0.999999845
4974.703,1.54E-07,0.999999846
4974.704,1.54E-07,0.999999846
4974.705,1.54E-07,0.999999846
4974.706,1.53E-07,0.999999847
4974.707,1.53E-07,0.999999847
4974.708,1.53E-07,0.999999847
4974.709,1.52E-07,0.999999848
4974.71,1.52E-07,0.999999848
4974.711,1.51E-07,0.999999849
4974.712,1.51E-07,0.999999849
4974.713,1.51E-07,0.999999849
4974.714,1.50E-07,0.99999985
4974.715,1.50E-07,0.99999985
4974.716,1.50E-07,0.99999985
4974.717,1.49E-07,0.999999851
4974.718,1.49E-07,0.999999851
4974.719,1.49E-07,0.999999851
4974.72,1.48E-07,0.999999852
4974.721,1.48E-07,0.999999852
4974.722,1.48E-07,0.999999852
4974.723,1.47E-07,0.999999853
4974.724,1.47E-07,0.999999853
4974.725,1.47E-07,0.999999853
4974.726,1.46E-07,0.999999854
4974.727,1.46E-07,0.999999854
4974.728,1.46E-07,0.999999854
4974.729,1.45E-07,0.999999855
4974.73,1.45E-07,0.999999855
4974.731,1.45E-07,0.999999855
4974.732,1.44E-07,0.999999856
4974.733,1.44E-07,0.999999856
4974.734,1.44E-07,0.999999856
4974.735,1.43E-07,0.999999857
4974.736,1.43E-07,0.999999857
4974.737,1.43E-07,0.999999857
4974.738,1.42E-07,0.999999858
4974.739,1.42E-07,0.999999858
4974.74,1.42E-07,0.999999858
4974.741,1.41E-07,0.999999859
4974.742,1.41E-07,0.999999859
4974.743,1.41E-07,0.999999859
4974.744,1.40E-07,0.99999986
4974.745,1.40E-07,0.99999986
4974.746,1.40E-07,0.99999986
4974.747,1.39E-07,0.999999861
4974.748,1.39E-07,0.999999861
4974.749,1.39E-07,0.999999861
4974.75,1.38E-07,0.999999862
4974.751,1.38E-07,0.999999862
4974.752,1.38E-07,0.999999862
4974.753,1.38E-07,0.999999862
4974.754,1.37E-07,0.999999863
4974.755,1.37E-07,0.999999863
4974.756,1.37E-07,0.999999863
4974.757,1.36E-07,0.999999864
4974.758,1.36E-07,0.999999864
4974.759,1.36E-07,0.999999864
4974.76,1.35E-07,0.999999865
4974.761,1.35E-07,0.999999865
4974.762,1.35E-07,0.999999865
4974.763,1.34E-07,0.999999866
4974.764,1.34E-07,0.999999866
4974.765,1.34E-07,0.999999866
4974.766,1.34E-07,0.999999866
4974.767,1.33E-07,0.999999867
4974.768,1.33E-07,0.999999867
4974.769,1.33E-07,0.999999867
4974.77,1.32E-07,0.999999868
4974.771,1.32E-07,0.999999868
4974.772,1.32E-07,0.999999868
4974.773,1.32E-07,0.999999868
4974.774,1.31E-07,0.999999869
4974.775,1.31E-07,0.999999869
4974.776,1.31E-07,0.999999869
4974.777,1.30E-07,0.99999987
4974.778,1.30E-07,0.99999987
4974.779,1.30E-07,0.99999987
4974.78,1.30E-07,0.99999987
4974.781,1.29E-07,0.999999871
4974.782,1.29E-07,0.999999871
4974.783,1.29E-07,0.999999871
4974.784,1.28E-07,0.999999872
4974.785,1.28E-07,0.999999872
4974.786,1.28E-07,0.999999872
4974.787,1.28E-07,0.999999872
4974.788,1.27E-07,0.999999873
4974.789,1.27E-07,0.999999873
4974.79,1.27E-07,0.999999873
4974.791,1.26E-07,0.999999874
4974.792,1.26E-07,0.999999874
4974.793,1.26E-07,0.999999874
4974.794,1.26E-07,0.999999874
4974.795,1.25E-07,0.999999875
4974.796,1.25E-07,0.999999875
4974.797,1.25E-07,0.999999875
4974.798,1.25E-07,0.999999875
4974.799,1.24E-07,0.999999876
4974.8,1.24E-07,0.999999876
4974.801,1.24E-07,0.999999876
4974.802,1.24E-07,0.999999876
4974.803,1.23E-07,0.999999877
4974.804,1.23E-07,0.999999877
4974.805,1.23E-07,0.999999877
4974.806,1.23E-07,0.999999877
4974.807,1.22E-07,0.999999878
4974.808,1.22E-07,0.999999878
4974.809,1.22E-07,0.999999878
4974.81,1.21E-07,0.999999879
4974.811,1.21E-07,0.999999879
4974.812,1.21E-07,0.999999879
4974.813,1.21E-07,0.999999879
4974.814,1.20E-07,0.99999988
4974.815,1.20E-07,0.99999988
4974.816,1.20E-07,0.99999988
4974.817,1.20E-07,0.99999988
4974.818,1.19E-07,0.999999881
4974.819,1.19E-07,0.999999881
4974.82,1.19E-07,0.999999881
4974.821,1.19E-07,0.999999881
4974.822,1.18E-07,0.999999882
4974.823,1.18E-07,0.999999882
4974.824,1.18E-07,0.999999882
4974.825,1.18E-07,0.999999882
4974.826,1.17E-07,0.999999883
4974.827,1.17E-07,0.999999883
4974.828,1.17E-07,0.999999883
4974.829,1.17E-07,0.999999883
4974.83,1.16E-07,0.999999884
4974.831,1.16E-07,0.999999884
4974.832,1.16E-07,0.999999884
4974.833,1.16E-07,0.999999884
4974.834,1.16E-07,0.999999884
4974.835,1.15E-07,0.999999885
4974.836,1.15E-07,0.999999885
4974.837,1.15E-07,0.999999885
4974.838,1.15E-07,0.999999885
4974.839,1.14E-07,0.999999886
4974.84,1.14E-07,0.999999886
4974.841,1.14E-07,0.999999886
4974.842,1.14E-07,0.999999886
4974.843,1.13E-07,0.999999887
4974.844,1.13E-07,0.999999887
4974.845,1.13E-07,0.999999887
4974.846,1.13E-07,0.999999887
4974.847,1.13E-07,0.999999887
4974.848,1.12E-07,0.999999888
4974.849,1.12E-07,0.999999888
4974.85,1.12E-07,0.999999888
4974.851,1.12E-07,0.999999888
4974.852,1.11E-07,0.999999889
4974.853,1.11E-07,0.999999889
4974.854,1.11E-07,0.999999889
4974.855,1.11E-07,0.999999889
4974.856,1.10E-07,0.99999989
4974.857,1.10E-07,0.99999989
4974.858,1.10E-07,0.99999989
4974.859,1.10E-07,0.99999989
4974.86,1.10E-07,0.99999989
4974.861,1.09E-07,0.999999891
4974.862,1.09E-07,0.999999891
4974.863,1.09E-07,0.999999891
4974.864,1.09E-07,0.999999891
4974.865,1.09E-07,0.999999891
4974.866,1.08E-07,0.999999892
4974.867,1.08E-07,0.999999892
4974.868,1.08E-07,0.999999892
4974.869,1.08E-07,0.999999892
4974.87,1.07E-07,0.999999893
4974.871,1.07E-07,0.999999893
4974.872,1.07E-07,0.999999893
4974.873,1.07E-07,0.999999893
4974.874,1.07E-07,0.999999893
4974.875,1.06E-07,0.999999894
4974.876,1.06E-07,0.999999894
4974.877,1.06E-07,0.999999894
4974.878,1.06E-07,0.999999894
4974.879,1.06E-07,0.999999894
4974.88,1.05E-07,0.999999895
4974.881,1.05E-07,0.999999895
4974.882,1.05E-07,0.999999895
4974.883,1.05E-07,0.999999895
4974.884,1.04E-07,0.999999896
4974.885,1.04E-07,0.999999896
4974.886,1.04E-07,0.999999896
4974.887,1.04E-07,0.999999896
4974.888,1.04E-07,0.999999896
4974.889,1.03E-07,0.999999897
4974.89,1.03E-07,0.999999897
4974.891,1.03E-07,0.999999897
4974.892,1.03E-07,0.999999897
4974.893,1.03E-07,0.999999897
4974.894,1.02E-07,0.999999898
4974.895,1.02E-07,0.999999898
4974.896,1.02E-07,0.999999898
4974.897,1.02E-07,0.999999898
4974.898,1.02E-07,0.999999898
4974.899,1.01E-07,0.999999899
4974.9,1.01E-07,0.999999899
4974.901,1.01E-07,0.999999899
4974.902,1.01E-07,0.999999899
4974.903,1.01E-07,0.999999899
4974.904,1.01E-07,0.999999899
4974.905,1.00E-07,0.9999999
4974.906,1.00E-07,0.9999999
4974.907,9.99E-08,0.9999999
4974.908,9.98E-08,0.9999999
4974.909,9.96E-08,0.9999999
4974.91,9.94E-08,0.999999901
4974.911,9.92E-08,0.999999901
4974.912,9.90E-08,0.999999901
4974.913,9.88E-08,0.999999901
4974.914,9.86E-08,0.999999901
4974.915,9.84E-08,0.999999902
4974.916,9.82E-08,0.999999902
4974.917,9.81E-08,0.999999902
4974.918,9.79E-08,0.999999902
4974.919,9.77E-08,0.999999902
4974.92,9.75E-08,0.999999902
4974.921,9.73E-08,0.999999903
4974.922,9.71E-08,0.999999903
4974.923,9.70E-08,0.999999903
4974.924,9.68E-08,0.999999903
4974.925,9.66E-08,0.999999903
4974.926,9.64E-08,0.999999904
4974.927,9.62E-08,0.999999904
4974.928,9.60E-08,0.999999904
4974.929,9.59E-08,0.999999904
4974.93,9.57E-08,0.999999904
4974.931,9.55E-08,0.999999904
4974.932,9.53E-08,0.999999905
4974.933,9.51E-08,0.999999905
4974.934,9.50E-08,0.999999905
4974.935,9.48E-08,0.999999905
4974.936,9.46E-08,0.999999905
4974.937,9.44E-08,0.999999906
4974.938,9.43E-08,0.999999906
4974.939,9.41E-08,0.999999906
4974.94,9.39E-08,0.999999906
4974.941,9.37E-08,0.999999906
4974.942,9.36E-08,0.999999906
4974.943,9.34E-08,0.999999907
4974.944,9.32E-08,0.999999907
4974.945,9.30E-08,0.999999907
4974.946,9.29E-08,0.999999907
4974.947,9.27E-08,0.999999907
4974.948,9.25E-08,0.999999907
4974.949,9.24E-08,0.999999908
4974.95,9.22E-08,0.999999908
4974.951,9.20E-08,0.999999908
4974.952,9.19E-08,0.999999908
4974.953,9.17E-08,0.999999908
4974.954,9.15E-08,0.999999908
4974.955,9.14E-08,0.999999909
4974.956,9.12E-08,0.999999909
4974.957,9.10E-08,0.999999909
4974.958,9.09E-08,0.999999909
4974.959,9.07E-08,0.999999909
4974.96,9.05E-08,0.999999909
4974.961,9.04E-08,0.99999991
4974.962,9.02E-08,0.99999991
4974.963,9.00E-08,0.99999991
4974.964,8.99E-08,0.99999991
4974.965,8.97E-08,0.99999991
4974.966,8.95E-08,0.99999991
4974.967,8.94E-08,0.999999911
4974.968,8.92E-08,0.999999911
4974.969,8.91E-08,0.999999911
4974.97,8.89E-08,0.999999911
4974.971,8.87E-08,0.999999911
4974.972,8.86E-08,0.999999911
4974.973,8.84E-08,0.999999912
4974.974,8.83E-08,0.999999912
4974.975,8.81E-08,0.999999912
4974.976,8.79E-08,0.999999912
4974.977,8.78E-08,0.999999912
4974.978,8.76E-08,0.999999912
4974.979,8.75E-08,0.999999913
4974.98,8.73E-08,0.999999913
4974.981,8.72E-08,0.999999913
4974.982,8.70E-08,0.999999913
4974.983,8.68E-08,0.999999913
4974.984,8.67E-08,0.999999913
4974.985,8.65E-08,0.999999913
4974.986,8.64E-08,0.999999914
4974.987,8.62E-08,0.999999914
4974.988,8.61E-08,0.999999914
4974.989,8.59E-08,0.999999914
4974.99,8.58E-08,0.999999914
4974.991,8.56E-08,0.999999914
4974.992,8.55E-08,0.999999915
4974.993,8.53E-08,0.999999915
4974.994,8.52E-08,0.999999915
4974.995,8.50E-08,0.999999915
4974.996,8.49E-08,0.999999915
4974.997,8.47E-08,0.999999915
4974.998,8.46E-08,0.999999915
4974.999,8.44E-08,0.999999916
4975,8.43E-08,0.999999916